source_restaurant_id,name,category,address,image_url,hot_score
"1","Restoran Sze Wah Bak Kuh Teh","饭类","2 & 3, Jalan Seruling 1, Taman Sri Kulai Baru 2, 81000 Kulai, Johor","https://i.ibb.co/kg366nD9/image.avif","0"
"2","New Century Claypot Chicken Rice","饭类","18, Jalan Raya, Kulai Besar, 81000 Kulai, Johor","https://img5.boatcdn.com/review_img/ee161ce8ed7ff1ea2482f0d31cb10053","0"
"3","Kulai Mok Gao Beef Noodles","粉类","523, Jalan Kenanga 29/17, Bandar Indahpura, 81000 Kulai, Johor","https://i.ibb.co/rGrgPShq/image.jpg","0"
"4","Lei Cha 21 Miles","饭类","21, Jalan Manis, Taman Manis, 81000 Kulai, Johor","https://i.ibb.co/Qv6FcKVT/image.jpg","0"
"5","Restaurant Hainan Hojiak Corner","粉类","548, Jalan Kenanga 29/18, Bandar Indahpura, 81000 Kulai, Johor","https://encrypted-tbn0.gstatic.com/images?q=tbn:ANd9GcQwE0ewbYrwaAyGLRYxf83dNUu5jOPPiFzbRA&s","0"
"6","Kulai Big Street Char Kway Teow","粉类","S-5, Jalan Ibrahim, Taman Kulai, 81000 Kulai, Johor","https://i.ibb.co/1fvZMFrR/image.jpg","0"
"7","Lapan Bintang Chicken Rice","饭类","20, Jalan Cermai 2, Taman Mesra, 81400 Kulai, Johor","https://i.ibb.co/fV0grB1x/image.jpg","0"
"8","Restaurant Yuw Meng","饭类 | 粉类 | 煮炒海鲜楼","44, Jalan Seruling 2, Taman Sri Kulai Baru 2, 81000 Kulai, Johor","https://i.ibb.co/5gDrDbfc/image.jpg","0"
"9","Ji Noodles","粉类","845-855, Jalan Teratai 36/17, Bandar Indahpura, 81000 Kulai, Johor","https://encrypted-tbn0.gstatic.com/images?q=tbn:ANd9GcTOow_tC9zYmgbBwDxYDyDAZmUPO4SGIT9Idg&s","0"
"10","Daily Wanton Mee","粉类","Taman Sri Kulai Baru 2, 81000 Kulai, Johor","https://cdn.prod.website-files.com/64c4be5d67694090d91bc447/64d1164dc5c3ff4ded7218a7_batch_DSC05226.jpeg","0"
"12","Yong Juan Hin","咖啡店/美食阁","5c, Jalan Ismail, Taman Kulai, 81000 Kulai, Johor Darul Ta'zim","https://i.ibb.co/yBpdg4Lm/image.jpg","0"
"14","Kedai Makan Man Ting Fong","其他","Lot 8098, Jalan Kelapa Sawit 6, Kelapa Sawit, 81030 Kulai, Johor","https://i.ibb.co/4DB66dQ/image.jpg","0"
"16","Nasi Lemak Wak Kentut • Kulai Besar","饭类 | 马来与印度风味","2130, Jalan Susur Kulai 2, Taman Kulai Besar, 81000 Kulai, Johor Darul Ta'zim","https://encrypted-tbn0.gstatic.com/images?q=tbn:ANd9GcSKaL11_-yxI6mKX8Vzb-YcoPJN9I3CSGB-Vg&s","0"
"17","Yellow Corner","饭类 | 马来与印度风味","215, Jalan Pinang 1, Taman Kota Kulai, 81000 Kulai, Johor Darul Ta'zim","https://i.ibb.co/cSppDRmr/Yellow-Corner.webp","0"
"18","Delicious Corner","Cafe","28, Jalan Pelanduk, Taman Pertama, 81000 Kulai, Johor Darul Ta'zim","https://encrypted-tbn0.gstatic.com/images?q=tbn:ANd9GcTapfIawzRAocP9jWaJKJn3MZJeuxiteNnhLA&s","0"
"19","Restoran Xin Yuan Bak Kut Teh","饭类","16, Jalan Seruling 1, Taman Sri Kulai Baru 2, 81000 Kulai, Johor Darul Ta'zim","https://i.ibb.co/CpjRsykX/image.jpg","0"
"22","CJ21 Kopitiam","咖啡店/美食阁","53, Jalan Bunga Santalia, Taman Sri Kulai Baru, 81000 Kulai, Johor Darul Ta'zim","https://encrypted-tbn0.gstatic.com/images?q=tbn:ANd9GcSvGo3QpvV0Rm8Rys5XxbNm7yEvMWawOIiOlQ&s","0"
"24","Boon Kee Hainan Chicken Rice","饭类","Jalan Bunga Santalia, Taman Kulai Utama, 81000 Kulai, Johor Darul Ta'zim","https://i.ibb.co/KjXnn5tw/image.jpg","0"
"27","Khoh Foong Restaurant","饭类 | 粉类 | 煮炒海鲜楼","1, Jalan Susur Kulai 4, Taman Sri Kulai Baru 2, 81000 Kulai, Johor Darul Ta'zim","https://i.ibb.co/Q7cPg3d8/image.jpg","0"
"29","Restoran Ji Guan","宴会酒楼","Jalan Mas 4, Taman Desamas, Taman Desamas, 81000 Kulai, Johor Darul Ta'zim","https://encrypted-tbn0.gstatic.com/images?q=tbn:ANd9GcRlQMTbsoQp3oUwzFdqaPm01LSenOFuX2lLdg&s","0"
"30","Cathay Restaurant","宴会酒楼","PTD 65010，Jalan, Persiaran Sri Putri Utama, 81000 Kulai, Johor","https://encrypted-tbn0.gstatic.com/images?q=tbn:ANd9GcQpsJHzC-Zq95IgrEisYhGSBk0n5Fay7nQZuw&s","0"
"31","Der' Cabin Bistro","马来与印度风味","Sebelah Ptronas, Taman Kulai Permai, 81000 Kulai, Johor Darul Ta'zim","https://encrypted-tbn0.gstatic.com/images?q=tbn:ANd9GcRtokQmL0_Vzbh8mDTDHsQ9JOxd7eyehL6Arw&s","0"
"33","KFC","西餐 | 快餐","Multiple Locations in Kulai","https://i.ibb.co/G4zMRCZW/image.png","0"
"34","McDonald's","西餐 | 快餐","Multiple Locations in Kulai","https://i.ibb.co/YFYxM53k/image.webp","0"
"36","Manggo Tree","Cafe","6, Lorong Ismail, Taman Kulai, 81000 Kulai, Johor Darul Ta'zim","https://i.ibb.co/jkZBWSpD/Manggo-Tree.jpg","0"
"38","Three And A Half","Cafe","38, Lorong Ismail, Taman Kulai, 81000 Kulai, Johor Darul Ta'zim","https://i.ibb.co/8nTcrDK2/image.jpg","0"
"39","Cafe Jufei","Cafe","3D, Jalan Ismail, Taman Kulai, 81000 Kulai, Johor Darul Ta'zim","https://i.ibb.co/1fbQKMHk/image.jpg","0"
"40","Yun Yun Loy Wanton Noodle","粉类","3D, Jalan Ismail, Taman Kulai, 81000 Kulai, Johor Darul Ta'zim","https://i.ibb.co/ds98JK5c/image.jpg","0"
"41","Tofu Lao Curry Laksa","粉类","S-94, Jalan Sultanah, Kampung Melayu Kulai, 81000 Kulai, Johor Darul Ta'zim","https://i.ibb.co/Q3P0y1d9/image.jpg","0"
"42","Kelab Kopi Lama","Cafe","Jalan Susur Kulai 3, Taman Kulai Besar, 81000 Kulai, Johor Darul Ta'zim","https://encrypted-tbn0.gstatic.com/images?q=tbn:ANd9GcTj1P2qib6vxwjKZIsPqJTjzCYMwA3-rGQdgg&s","0"
"43","Street Crew","西餐 | 马来与印度风味","5831 & 5832, Jalan Siantan 3, Bandar Indahpura, 81000 Kulai, Johor Darul Ta'zim","https://i.ibb.co/60LQM3GH/Street-Crew.jpg","0"
"44","Restoran Hock Chin","煮炒海鲜楼","131-155, Jln. Jambu Mawar, Taman Kulai Besar, 81000 Kulai, Johor Darul Ta'zim","https://i.ibb.co/mrDQL6Kb/image.jpg","0"
"45","Starblu cafe","Cafe","521, Jalan Susur Kulai 1, Kulai Besar, 81000 Kulai, Johor Darul Ta'zim","https://i.ibb.co/1GcZhRLq/image.jpg","0"
"46","21苦瓜汤 • Indahpura","饭类","75, Jln. Kenanga 29/11, Bandar Indahpura, 81000 Kulai, Johor Darul Ta'zim","https://encrypted-tbn0.gstatic.com/images?q=tbn:ANd9GcRQzwHijqPzHZAESYlXvLBngw8Sgk1d-iBVrw&s","0"
"47","MyKori Dessert Cafe Kulai","蛋糕甜点","93, Jln. Kenanga 29/11, Bandar Indahpura, 81000 Kulai, Johor Darul Ta'zim","https://i.ibb.co/gLhM04Cc/My-Kori-Dessert-Cafe.jpg","0"
"48","Restoran Ah Pang","粉类","85, 77, Jln. Kenanga 29/11, Indahpura, 81000 Kulai, Johor","https://i.ibb.co/Kzh0JtJJ/image.jpg","0"
"49","Kopi Saigon","马来与印度风味 | Cafe","73, Jln. Kenanga 29/11, Bandar Indahpura, 81000 Kulai, Johor Darul Ta'zim","https://i.ibb.co/B534LYzt/Kopi-Saigon-Kulai.jpg","0"
"50","Yue Xiang Ting","宴会酒楼","70, Jln. Kenanga 29/11, Bandar Indahpura, 81000 Kulai, Johor Darul Ta'zim","https://i.ibb.co/m56QrQfq/image.jpg","0"
"51","MyKluang Coffee","饭类 | 粉类 | Cafe","67, Jln. Kenanga 29/11, Bandar Indahpura, 81000 Kulai, Johor Darul Ta'zim","https://encrypted-tbn0.gstatic.com/images?q=tbn:ANd9GcR3HcsTwKHEpmNyyt6khZ1tuk-8QJX7vtgOwA&s","0"
"52","UFB - Union Fashion Bar Balcony","西餐 | 酒吧","66, Jalan Kenanga 29/5, Bandar Indahpura, 81300 Kulai, Johor Darul Ta'zim","https://i.ibb.co/gFyLtg9V/UFB-Union-Fashion-Bar-Balcony.jpg","0"
"53","Broovies Cafe","西餐","55, Jalan Kenanga 29/5, Bandar Indahpura, 81000 Kulai, Johor Darul Ta'zim","https://i.ibb.co/KcL7mvw4/Broovies-Cafe.jpg","0"
"54","Wei Palace Chinese Restaurant","中国餐","No54, Jalan Kenanga 29/5, Bandar Indahpura, 81000 Kulai, Johor Darul Ta'zim","https://i.ibb.co/7dcZF2TB/image.jpg","0"
"55","Wafu Indahpura","饭类 | 粉类 | 日本餐 | 韩国餐","192, Jalan Kenanga 29/4, Bandar Indahpura, 81000 Kulai, Johor Darul Ta'zim","https://encrypted-tbn0.gstatic.com/images?q=tbn:ANd9GcRmhGKYqVaP1GMhK2UTAUdPq_C6vwapWMtGfg&s","0"
"56","Jang Won Korean BBQ Restaurant","韩国餐","185, Jalan Kenanga 29/4, Bandar Indahpura, 81000 Kulai, Johor Darul Ta'zim","https://i.ibb.co/PZHH69s0/Jang-Won-Korean-BBQ-Restaurant.jpg","0"
"57","Chiyo Sushi","日本餐","184A, Indahpura, 81000 Kulai, Johor","https://i.ibb.co/8gDfnZRs/image.jpg","0"
"58","3rd Junction Cafe • Indahpura","Cafe","181, Jalan Kenanga 29/4, Bandar Indahpura, 81000 Kulai, Johor Darul Ta'zim","https://i.ibb.co/zWDScfn2/3rd-Junction-Cafe.jpg","0"
"59","Lanxi","西餐 | 饮品","234, Jln Kenanga 29/8, Taman Indahpura, 81000 Kulai, Johor","https://encrypted-tbn0.gstatic.com/images?q=tbn:ANd9GcSLn6wKiifnmUY6mlBBJxnj_CqIdr_tg6FNCA&s","0"
"60","Chuanlai Chuanqu Mala Hotpot Kulai","火锅烧烤","243A, Jln Kenanga 29/8, Taman Indahpura, 81000 Kulai, Johor","https://encrypted-tbn0.gstatic.com/images?q=tbn:ANd9GcSmRXX3E2TQkKxSozm5gaGPzGBvIUjPIi5Pww&s","0"
"61","Four Beans","蛋糕甜点 | 饮品","247, Jln Kenanga 29/8, Indahpura, 81000 Kulai, Johor","https://i.ibb.co/ksWC2zc8/four-beans.jpg","0"
"62","Bar Wang Rice","饭类 | 杂菜饭","Jln Kenanga 29/8, Indahpura, 81000 Kulai, Johor","https://encrypted-tbn0.gstatic.com/images?q=tbn:ANd9GcTAhQmc_LX_QxRCNC29M3XdhZlh8j5vJ6Jzlw&s","0"
"63","Chagee","饮品","263, Jln Kenanga 29/8, Indahpura, 81000 Kulai, Johor","https://i.ibb.co/4nwFmctV/image.png","0"
"64","Pacific Kopi","Cafe","Lot G01, Ground Floor, Aeon Mall Kulaijaya","https://i.ibb.co/60CtjfNr/image.jpg","0"
"65","Vivo Pizza ","西餐","Lot G-70, AEON Mall Kulaijaya","https://i.ibb.co/zhY8g3Cf/Vivo-Pizza.jpg","0"
"66","Xiao Xin Hot Restaurant","火锅烧烤","583, Jalan Kenanga 29/19, Taman Indahpura, 81000 Kulai, Johor Darul Ta'zim","https://i.ibb.co/wNvfX9mF/image.jpg","0"
"67","Restoran Wee Huat","咖啡店/美食阁","587, Jalan Kenanga 29/19, Bandar Indahpura, 81000 Kulai, Johor Darul Ta'zim","https://encrypted-tbn0.gstatic.com/images?q=tbn:ANd9GcRu2cQuldli1y1WLnTsbBv5H6pzyHJGlhRV3A&s","0"
"68","Ma Chin All Steamboat Restaurant","火锅烧烤","590, Jalan Kenanga 29/19, Bandar Indahpura, 81000 Kulai, Johor Darul Ta'zim","https://i.ibb.co/hJKZrnN1/Ma-Chin-All-Steamboat-Restaurant.jpg","0"
"69","Qiao Di Kopitiam","粉类","593, Jalan Kenanga 29/19, Bandar Indahpura, 81000 Kulai, Johor Darul Ta'zim","https://i.ibb.co/DfG7hpDz/image.jpg","0"
"70","Restaurant Lau Ma Zi","粉类","570-571, Jalan Kenanga 29/15, Bandar indahpula, 81000 Kulai, Johor Darul Ta'zim","https://i.ibb.co/JW8c8hP1/image.jpg","0"
"71","Popular Tea Room","咖啡店/美食阁","542, Jalan Kenanga 29/17, Bandar Indahpura, 81000 Kulai, Johor Darul Ta'zim","https://i.ibb.co/mVcj0R8j/image.jpg","0"
"72","EP Xian Restaurant","粉类","553, Jalan Kenanga 29/18, Bandar Indahpura, 81000 Kulai, Johor Darul Ta'zim","https://encrypted-tbn0.gstatic.com/images?q=tbn:ANd9GcRHrCr_QYbFRGK2WtEp9TCFq09neSkWFNjkqw&s","0"
"73","Restoran Jiang Man","饭类 | 粉类 | 中餐","555, Jalan Kenanga 29/18, Bandar Indahpura, 81000 Kulai, Johor Darul Ta'zim","https://i.ibb.co/N2pr5RcX/image.jpg","0"
"74","Restoran Yuan Fa","咖啡店/美食阁","566, Jalan Kenanga 29/18, Bandar Indahpura, 81000 Kulai, Johor Darul Ta'zim","https://i.ibb.co/ZpwYx2Fw/image.jpg","0"
"75","Food Generation","咖啡店/美食阁","292, Jalan Kiambang Utama, Komersial Indah, Komersial Indah, Bandar Indahpura, 81000 Kulai, Johor Darul Ta'zim","https://encrypted-tbn0.gstatic.com/images?q=tbn:ANd9GcSbD1tkAE1LF70FntiSYgZoGpaEYPNosne3_Q&s","0"
"76","Pontian Coffee 9","Cafe | 粉类 | 饭类","No 155, Pusat Komersial Indah, Jalan Kiambang 13, Bandar Indahpura, 81000 Kulai, Johor Darul Ta'zim","https://encrypted-tbn0.gstatic.com/images?q=tbn:ANd9GcR6cqLTZv273gvrGrDCuMANxOoR-jLHkaQV3Q&s","0"
"77","Nanyang Old Street","粉类","154, Jalan Kiambang 13, Bandar Indahpura, 81000 Kulai, Johor Darul Ta'zim","https://i.ibb.co/ch8gg5QW/image.jpg","0"
"78","Uncle Five Coffee","饭类 | 粉类 | Cafe","160 Jalan Kiambang  Kulai Bandar Indahpura 81000 JOHOR","https://encrypted-tbn0.gstatic.com/images?q=tbn:ANd9GcRYXcL6MnIP799gWZcL0XEr8Xc_N6xpfz7Dbw&s","0"
"79","PS Abalone","粉类","146, Jalan Kiambang 13, Bandar Indahpura, 81000 Kulai, Johor Darul Ta'zim","https://encrypted-tbn0.gstatic.com/images?q=tbn:ANd9GcQ-XxqRd3PbE2hV2j4J_8NOizAZSN607Z8FuA&s","0"
"80","Goodluck Kopitiam","饭类 | 粉类 | Cafe","No.166, Pusat Komersial Indah, Jalan Kiambang 13, Bandar Indahpura, 81000 Kulai, Johor Darul Ta'zim","https://i.ibb.co/HpKdm9cy/image.jpg","0"
"81","Mystery Dessertland Cafe","蛋糕甜点","No 148, Pusat Komersial Indah, Jalan Kiambang 13, Indahpura, 81000 Kulai, Johor","https://encrypted-tbn0.gstatic.com/images?q=tbn:ANd9GcSShfaMIe4jMb4n6b3MI1EFLV6h6T3UTRoN4w&s","0"
"82","Taste Of Ipoh","Cafe | 饭类 | 粉类","143, Pusat Komersial Indah, Jalan Kiambang 13, Bandar Indahpura, 81000 Kulai, Johor Darul Ta'zim","https://i.ibb.co/d4X0pBqs/image.jpg","0"
"83","Yubao Chicken Rice","饭类","Pusat Komersial Kulai, 169, Jalan Kiambang 13, Bandar Indahpura, 81000 Kulai, Johor Darul Ta'zim","https://encrypted-tbn0.gstatic.com/images?q=tbn:ANd9GcSyRUPIOPjlxc2QqzbkSSnwUZPZqbWFsf7MzQ&s","0"
"84","Hermeal Healthy Food","健康餐","Pusat Kormersial Indah 142, 13, Jalan Kiambang, Bandar Indahpura, 81000 Kulai, Johor Darul Ta'zim","https://encrypted-tbn0.gstatic.com/images?q=tbn:ANd9GcTlIkQX8NMmeXwbe_FjZuUnusspy5fIbzSckg&s","0"
"85","Chicken Delights","西餐 | Cafe","170 & 171, 13, Jalan Kiambang, Pusat Komercial Indah, 81000 Kulai, Johor Darul Ta'zim","https://i.ibb.co/j9WhgjSv/Chicken-Delights.png","0"
"86","Kopiloco","Cafe | 粉类 | 饭类","MY Johor Kulai Bandar Indahpura Jalan Kiambang139 &140邮政编码:邮政编码: 81000","https://i.ibb.co/1YZ4fxrn/Kopiloco.jpg","0"
"87","Tao Yuan Noodle House","粉类","13, Pusat Komersial Indah, 137, Jalan Kiambang, Indahpura, 81000 Kulai, Johor","https://i.ibb.co/YTdrQmKB/image.jpg","0"
"88","Kuching Style Restaurant","Cafe | 粉类 | 饭类","138, Jalan kiambang, 13, Pusat Komersial Indah, Bandar Indahpura, 81000 Kulai, Johor Darul Ta'zim","https://encrypted-tbn0.gstatic.com/images?q=tbn:ANd9GcRNZRNCjciIKncODXygtUCAATIh26XV-rVg8A&s","0"
"89","La Primeur","酒吧 | 西餐","Pusat Komersial Indah, 135, 13, Jalan Kiambang, Bandar Indahpura, 81000 Kulai, Johor Darul Ta'zim","https://i.ibb.co/8DQZGqQt/La-Primeur.jpg","0"
"90","The Bierhaus","西餐 | 酒吧","134, Jln Kiambang 14, Bandar Indahpura, 81000 Kulai, Johor Darul Ta'zim","https://i.ibb.co/pBDCB7g9/The-Bierhaus.jpg","0"
"91","Restoran Q House","Cafe","Pusat Komersial Indah, 132 & 133, Jln Kiambang 14, Indahpura, 81000 Kulai, Johor","https://i.ibb.co/SwBFsFmy/image.png","0"
"92","MeatVking Bistro","酒吧","Pusat Komersial Indah, 127, Jln Kiambang 14, Bandar Indahpura, 81000 Kulai, Johor Darul Ta'zim","https://encrypted-tbn0.gstatic.com/images?q=tbn:ANd9GcRoeRskVtQ_nDXKKaC2D9PDVgyiaJ5Z6G4nmA&s","0"
"93","Siao Hong Deng Hotpot","火锅烧烤","No 128, PUSAT KOMERSIAL INDAH, Jln Kiambang 14, Indahpura, 81000 Kulai, Johor","https://encrypted-tbn0.gstatic.com/images?q=tbn:ANd9GcQibbrNp2EUIntp_MzhBTNbv3VtoLoaeyV9ZA&s","0"
"94","Dessert Library","蛋糕甜点","120, Jln Kiambang 14, Bandar Indahpura, 81000 Kulai, Johor Darul Ta'zim","https://i.ibb.co/CKwXcJN2/image.jpg","0"
"95","Zen Bee Siang","火锅烧烤","115, Jln Kiambang 14, Bandar Indahpura, 81000 Kulai, Johor Darul Ta'zim","https://i.ibb.co/0R0CJyT1/image.jpg","0"
"96","Eight Toast Nanyang Kopitiam","Cafe","196, Jalan Kiambang 12, Bandar Indahpura, 81000 Kulai, Johor Darul Ta'zim","https://i.ibb.co/B5nh7ktp/image.png","0"
"97","Auntie Zhang","粉类","193, Jalan Kiambang 12, 81000 Kulai, Johor Darul Ta'zim","https://encrypted-tbn0.gstatic.com/images?q=tbn:ANd9GcSSjzqC7LQLoobw_REgQAIKyjdjRS0wHEcP8Q&s","0"
"98","The Cloud Restaurant","粉类","Jalan Kiambang 12, Pusat Komersial Indah 81000","https://i.ibb.co/VpVggq1L/image.jpg","0"
"99","Khunya Thai Kitchen","泰国餐","189, Jalan Kiambang 12, 81000 Kulai, Johor Darul Ta'zim","https://i.ibb.co/wh6q31q4/Khunya-Thai-Kitchen.jpg","0"
"100","Fang Yuan Kopitiam","饭类 | 粉类 | Cafe","188, Jalan Kiambang 12, Bandar Indahpura, 81000 Kulai, Johor Darul Ta'zim","https://encrypted-tbn0.gstatic.com/images?q=tbn:ANd9GcSTpS8PZaIsZyuD3RvYlZ1QNRxYaw-auGbOKw&s","0"
"101","Dino House Cafe","西餐","Pusat Komersial Indah, 187, Jalan Kiambang 12, Bandar Indahpura, 81000 Kulai, Johor Darul Ta'zim","https://encrypted-tbn0.gstatic.com/images?q=tbn:ANd9GcQtRCfihQufP-VpcUNsBI6F59AcnjGsEKx7GQ&s","0"
"102","K Lolly Steamboat & BBQ","火锅烧烤","No.184 & 185, Pusat Komersial Indah, 12, Jalan Kiambang, Bandar Indahpura, 81000 Kulai, Johor Darul Ta'zim","https://encrypted-tbn0.gstatic.com/images?q=tbn:ANd9GcTJmGK1ETgFSAoj79i1GAsq2zLPN37HiFZj1g&s","0"
"103","Kang Bee Hong","Cafe | 粉类 | 饭类","182, Jalan Kiambang 12, Bandar Indahpura, 81000 Kulai, Johor Darul Ta'zim","https://i.ibb.co/WWpzpRt5/image.jpg","0"
"104","Restaurant Xin Mo Gao","粉类","Pusat Komersial Indah, 181, Jalan Kiambang 12, Indahpura, 81000 Kulai, Johor","https://encrypted-tbn0.gstatic.com/images?q=tbn:ANd9GcSOoMokQ0FPRb1XaCNM6Omby2631rOVvgcwqg&s","0"
"105","LoongKee","火锅烧烤","Pusat Komersial Indah, 178, Jalan Kiambang 12, Indahpura, 81000 Kulai, Johor","https://encrypted-tbn0.gstatic.com/images?q=tbn:ANd9GcSlJSWglDIiBlc9Qn63ZCqVJzjexNzy8WMnJQ&s","0"
"106","Tan Tan Charcoal Steamboat Kulai","火锅烧烤","238, Pusat Komersial Indah, Jalan Kiambang 15, Bandar Indahpura, 81000 Kulai, Johor Darul Ta'zim","https://i.ibb.co/b5TpJCFp/image.jpg","0"
"107","Restoran Tong Nam PPH","咖啡店/美食阁","210, Jln Kiambang 14, Bandar Indahpura, 81000 Kulai, Johor Darul Ta'zim","https://i.ibb.co/S4FfmjtZ/image.jpg","0"
"108","Powertea","火锅烧烤","207, Jln Kiambang 14, Bandar Indahpura, 81000 Kulai, Johor Darul Ta'zim","https://i.ibb.co/R4T9L6kg/POWERTEA.jpg","0"
"109","Restoran Soon Fa Bat Kut Teh","饭类","204 Pusat Komersial Indah, Jln Kiambang 14, Indahpura, 81000 Kulai","https://i.ibb.co/gbttyB4r/image.jpg","0"
"110","Yu Min One","饭类 | 煮炒海鲜楼","198, Jln Kiambang 14, taman Indahpura81000 Kulai, Johor Darul Ta'zim","https://i.ibb.co/yF55V7V0/image.jpg","0"
"111","Yu Min Bitter Gourd Soup","饭类","201Jalan kiambang 14 Kulai, 81000 Johor, Johor Darul Ta'zim","https://i.ibb.co/LX7DzRZg/image.jpg","0"
"112","Like Mee Noodle House","粉类","231, Jalan Kiambang 15, Bandar Indahpura, 81000 Kulai, Johor Darul Ta'zim","https://encrypted-tbn0.gstatic.com/images?q=tbn:ANd9GcTepS_4iQPBaMtqASLhHROqtKO7x2jTtcRYsQ&s","0"
"113","Jiah Xiang Dim Sum","点心","Pusat komersial Indah, 229 & 230, Jalan Kiambang 15, Bandar Indahpura, 81000 Kulai, Johor Darul Ta'zim","https://encrypted-tbn0.gstatic.com/images?q=tbn:ANd9GcRnfr8XtLu1OXoSXOVxs35nZI1n2OCluxQoKg&s","0"
"114","LNP Pontian Flavor Bak Kut Teh","饭类","289, Jln Kiambang 11, Bandar Indahpura, 81000 Kulai, Johor Darul Ta'zim","https://i.ibb.co/7dLNtKZN/image.jpg","0"
"115","JustWant Dessert","蛋糕甜点","Pusat Komersial Indah, 289, Jln Kiambang 11, Bandar Indahpura, 81000 Kulai, Johor Darul Ta'zim","https://i.ibb.co/39YbW6bj/image.jpg","0"
"116","JS Tasty Restaurant","粉类","Pusat Komersial Indah, 285, Jln Kiambang 11, Bandar Indahpura, 81000 Kulai, Johor Darul Ta'zim","https://encrypted-tbn0.gstatic.com/images?q=tbn:ANd9GcRE_b500dvcmEW5jyrFtQ34o9kp48uIq2XESg&s","0"
"117","Wong Fong Tee Mee Hun Kueh","粉类","No 283, PUSAT KOMERSIAL INDAH, Jln Kiambang 11, Bandar Indahpura, 81000 Kulai, Johor Darul Ta'zim","https://i.ibb.co/5g1dTyFC/image.jpg","0"
"118","Fu Qi Fang","Cafe","PTD 110707, Jln Kiambang 11, Bandar Indahpura, 81000 Kulai, Johor Darul Ta'zim","https://i.ibb.co/XxVWpGmd/image.jpg","0"
"119","Restoran Cuan Yue","火锅烧烤","281, Jln Kiambang 11, 81000 Kulai, Johor Darul Ta'zim","https://i.ibb.co/Rpq8WTP8/image.jpg","0"
"120","Chili Pan Mee","粉类","279, PTD 110704, Pusat Komersial Indah, Jln Kiambang 11, PUSAT KOMERSIAL INDAH, 81000 Kulai, Johor","https://i.ibb.co/Wv23fKYr/image.jpg","0"
"121","Lemon Tree Restaurant","西餐","276, Jln Kiambang 11, 81000 Kulai, Johor Darul Ta'zim","https://encrypted-tbn0.gstatic.com/images?q=tbn:ANd9GcShRuat_933qRcpaXFHAjKvXVijuL_eZDWv9g&s","0"
"122","Grandma Ong","粉类","NO. 276, Pusat Komersial Indah, Jln Kiambang 11, Bandar Indahpura, 81000 Kulai, Johor Darul Ta'zim","https://i.ibb.co/HDCgMnXd/image.jpg","0"
"123","My Cafe","Cafe","No. 273, Pusat Komersial Indah, Jln Kiambang 11, Indahpura, 81000 Kulai, Johor","https://i.ibb.co/F4Rc9hYs/image.jpg","0"
"124","Restoran Bahao","粉类","268, Jln Kiambang 11, virvo city indahpura, 81000 Kulai, Johor Darul Ta'zim","https://i.ibb.co/zV0BhKg9/image.jpg","0"
"125","Auntea Jenny","饮品","269, Jln Kiambang 11, Bandar Indahpura, 81000 Kulai, Johor Darul Ta'zim","https://encrypted-tbn0.gstatic.com/images?q=tbn:ANd9GcTIS8fUvO2fsk0qMTjxbf0f0EVNNuClNWQ1Gg&s","0"
"126","Hanabi Robata Izakaya Kulai","日本餐","No.294H, Pusat Komersial Indah, Jln Kiambang 11, Bandar Indahpura, 81000 Kulai, Johor Darul Ta'zim","https://encrypted-tbn0.gstatic.com/images?q=tbn:ANd9GcTyTWnoKkzKYf5wkAjgFwhhOnudcMhQ3qWcYA&s","0"
"127","Beans.Factory","蛋糕甜点","Pusat Komersial Indah, 294M, Jalan Kiambang 12, Bandar Indahpura, 81000 Kulai, Johor Darul Ta'zim","https://i.ibb.co/h1BfsHMW/image.jpg","0"
"128","Aunt Vicky","西餐","Pusat Komersial Indah, 294N, Jalan Kiambang 12, Indahpura, 81000 Kulai, Johor","https://i.ibb.co/pBwpKjLn/image.jpg","0"
"129","Hinokage","日本餐","No.294E, Pusat Komersial Indah, Jln Kiambang 11, Bandar Indahpura, 81000 Kulai, Johor Darul Ta'zim","https://i.ibb.co/fV4Txv3Z/Hinokage-Kulai.jpg","0"
"130","Guoma Seafood Express","火锅烧烤","Ground floor G-05, The Commune Lifestyle Mall","https://i.ibb.co/8g5DhBVq/Guoma-Seafood-Express.jpg","0"
"131","Restoran JWD Mee Tarik","粉类","Ground floor G-06, The Commune Lifestyle Mall","https://i.ibb.co/kgC44dg7/Restoran-JWD-Mee-Tarik.jpg","0"
"132","Chuan Shi Fu","煮炒海鲜楼","No 255, Pusat Komersial Indah, Jalan Kiambang 10, Bandar Indahpura, 81000 Kulai, Johor Darul Ta'zim","https://encrypted-tbn0.gstatic.com/images?q=tbn:ANd9GcRVgep_j_0nm7fLRtqGkb_JSjVu-j5gcJrXrw&s","0"
"133","K Patisserie","蛋糕甜点","253a, Jalan Kiambang 10, Bandar Indahpura, 81000 Kulai, Johor Darul Ta'zim","https://encrypted-tbn0.gstatic.com/images?q=tbn:ANd9GcRDmRfm_7998cGJTdwkvPbza3fqzSCbzWlaxQ&s","0"
"134","Alliews Bakehouse","蛋糕甜点","Pusat Komersial Indah, 252 & 253, Jalan Kiambang 10, Bandar Indahpura, 81000 Kulai, Johor Darul Ta'zim","https://i.ibb.co/mV95GRhY/Alliews-Bakehouse.jpg","0"
"135","Restoran Hua Mui","Cafe | 粉类 | 饭类","251, Pusat Komersial Indah, Jalan Kiambang 10, Bandar Indahpura, 81000 Kulai, Johor Darul Ta'zim","https://i.ibb.co/vxSQg87b/image.png","0"
"136","Chai Ji Fish Soup","饭类","Pusat Komersial Indah, 250, Jalan Kiambang 10, Bandar Indahpura, 81000 Kulai, Johor Darul Ta'zim","https://i.ibb.co/wNG3xF1w/image.jpg","0"
"137","Uncle Lim Delivery","Cafe","249， Pusat Komersial Indah, PTD 110674, Jalan Kiambang 10, Bandar Indahpura, 81000 Kulai, Johor Darul Ta'zim","https://encrypted-tbn0.gstatic.com/images?q=tbn:ANd9GcTvZYHnYoSAd9KTh3Zd5gK5Vom1Dn6reLBGsg&s","0"
"138","Restoran Kulai 99","宴会酒楼","41 Jalan SME 2 Kawasan, Perindustrian SME, Bandar Indahpura, 81000 Kulai, Johor Darul Ta'zim","https://encrypted-tbn0.gstatic.com/images?q=tbn:ANd9GcQpUUpqOZTkClo-LV-EgndnRb5974xF9EwryQ&s","0"
"139","Restaurant Yi Sin (Vegetarian)","素食","40, Jalan SME 2, Bandar Indahpura, 81000 Kulai, Johor Darul Ta'zim","https://i.ibb.co/GQbj6bd6/image.jpg","0"
"140","Xin Xin Dian Xin","咖啡店/美食阁 | 点心","Kawasan Perindustrian SME, 33, Jalan SME 2, Indahpura, 81000 Kulai, Johor","https://encrypted-tbn0.gstatic.com/images?q=tbn:ANd9GcTQHcCpmKnZLJU36IwAnEBXnMVM3nc2s9-fYA&s","0"
"141","Restoran Chao Shan","宴会酒楼 | 煮炒海鲜楼","23 jalan SME 2, kawansan perindustrian SME, Indahpura, 81000 Kulai, Johor","https://i.ibb.co/SXC7dRyw/image.jpg","0"
"142","Qulai Pizza Kayu Api","西餐","2023, Jalan Manggis, Kampung Pertanian, 81000 Kulai, Johor Darul Ta'zim","https://i.ibb.co/xtds0mQf/Qulai-Pizza-Kayu-Api.jpg","0"
"144","Roti King Saleng","马来与印度风味","Jalan Saleng 7, Kampung Baru Saleng, 81400 Senai, Johor Darul Ta'zim","https://i.ibb.co/yBqkbnGB/Roti-King-Saleng.jpg","0"
"145","Defortune Restaurant","宴会酒楼","PTD 82181, Lebuh Putra Utama, Bandar Putra Kulai, 81000 Kulai, Johor Darul Ta'zim","https://i.ibb.co/27tqzxgb/image.jpg","0"
"146","AiCHA","饮品","2915, Jalan Merbau 3, Bandar Putra Kulai, 81000 Kulai, Johor Darul Ta'zim","https://encrypted-tbn0.gstatic.com/images?q=tbn:ANd9GcTUR9d_F_qO6R-tFhpynldHpgZ2iU_NxkKnCQ&s","0"
"147","Verbena Patisserie Shop • Bandar Putra","蛋糕甜点","2918, Jalan Merbau 3, Bandar Putra Kulai, 81000 Kulai, Johor Darul Ta'zim","https://i.ibb.co/wZDxcBH0/Verbena-Patisserie-Shop.png","0"
"148","Nando's","西餐 | 快餐","G-25, IOI Mall Kulai","https://encrypted-tbn0.gstatic.com/images?q=tbn:ANd9GcQIWv7_xVcfrBx5BtZHfz_ZVWb3swDBD5byGA&s","0"
"149","Ichiban Ramen","日本餐","IOI MALL KULAI","https://i.ibb.co/nM56h94Y/Ichiban-Ramen.jpg","0"
"150","Rengit Coffee by Dagan","Cafe","G23A,Ground Floor,IOI Mall","https://i.ibb.co/cKSHxR74/Rengit-Coffee-by-Dagan.jpg","0"
"151","The Chicken Rice Shop","饭类","Lot No.G-29/30/30a/G-K-15, Ground Floor I0I Mall","https://i.ibb.co/8Lxjg1cL/The-Chicken-Rice-Shop.png","0"
"152","Home Taste Coffee","Cafe","5013, Jalan Kenari, Bandar Putra Kulai, 81000 Kulai, Johor Darul Ta'zim","https://encrypted-tbn0.gstatic.com/images?q=tbn:ANd9GcRIPe-x9ybqjC5n-nLvonUXPWFRBQD6iOLSFQ&s","0"
"153","Classic Coffee","Cafe","5011, Jalan Kenari, Bandar Putra Kulai, 81000 Kulai, Johor Darul Ta'zim","https://i.ibb.co/DHvctYbM/Classic-Coffee.jpg","0"
"154","Madam LoqLoq","火锅烧烤","5448A, Jalan Kenari 20, Bandar Putra Kulai, 81000 Kulai, Johor Darul Ta'zim","https://i.ibb.co/xtrdMrB0/Madam-Loq-Loq.jpg","0"
"155","MKe Harmony Cafe","Cafe","5457A, Jalan Kenari 20, Bandar Putra Kulai, 81000 Kulai, Johor Darul Ta'zim","https://encrypted-tbn0.gstatic.com/images?q=tbn:ANd9GcSfDgrblBCm0gESP4Dpdu4z6hVaqXJjkGO9Ow&s","0"
"156","Mon Delice Patisserie","蛋糕甜点","5383, Jalan Kenari 20, Bandar Putra Kulai, 81000 Kulai, Johor Darul Ta'zim","https://i.ibb.co/RGS7NMDy/Mon-Delice-Patisserie.png","0"
"157","Sutera Mee Restaurant","粉类","Kulai, Johor","https://i.ibb.co/n861nmfp/image.jpg","0"
"158","Kimbarking Cafe","Cafe","5481, Jalan Kenari 19, Bandar Putra Kulai, 81000 Kulai, Johor Darul Ta'zim","https://encrypted-tbn0.gstatic.com/images?q=tbn:ANd9GcRtB0yjUYnKUgRy-ExZ5WymAUtcQQypjmqo3g&s","0"
"159","Good Coffee Restaurant","咖啡店/美食阁","5484, Jalan Kenari 19, Bandar Putra Kulai, 81000 Kulai, Johor Darul Ta'zim","https://i.ibb.co/ZzSHC1xV/image.jpg","0"
"160","Yue Shan Cafe","粉类","5427, Jalan Kenari 18, Bandar Putra Kulai, 81000 Kulai, Johor Darul Ta'zim","https://images.unsplash.com/photo-1569718212165-3a8278d5f624?w=800&auto=format&fit=crop&q=60&ixlib=rb-4.0.3","0"
"161","#7 Beradik Restaurant","马来与印度风味","Multiple Locations in Kulai & Senai","https://encrypted-tbn0.gstatic.com/images?q=tbn:ANd9GcTbtWPJLxWTWgAK1VKMPDsS9EHe6BcyuHxYrg&s","0"
"162","Redy.Cafe","Cafe","K1, IOI Galleriaa, Jalan Putra 4, Bandar Putra Kulai, 81000 Kulai, Johor","https://encrypted-tbn0.gstatic.com/images?q=tbn:ANd9GcR5YON6vgHovbACXS5_9qJO-YaR318DvgCpLQ&s","0"
"163","Nasi Ayam Angah","马来与印度风味","17147, Jalan Murai 4, Bandar Putra Kulai, 81000 Kulai, Johor Darul Ta'zim","https://i.ibb.co/cSsHg2Pb/Nasi-Ayam-Angah.jpg","0"
"164","Hua Shu Fire Steam Chicken","饭类","94, 81000 Kulai, Johor","https://i.ibb.co/zWqy2tfh/image.jpg","0"
"165","Chicky Don Ayam Goreng Paprika","西餐","34, Jalan Seri Putra 1, Bandar Putra Kulai, 81000 Kulai, Johor Darul Ta'zim","https://i.ibb.co/sM9wPpn/image.webp","0"
"166","Restoran Law Cafe","Cafe","488, Jalan Kenanga 29/14, Bandar Indahpura, 81000 Kulai, Johor Darul Ta'zim","https://encrypted-tbn0.gstatic.com/images?q=tbn:ANd9GcTi3-4gYrXPEPovN33QYrE-sOb6o2_XBBu08A&s","0"
"167","Restoran Niang Pin Jia","粉类","487, Jalan Kenanga 29/14, Bandar Indahpura, 81000 Kulai, Johor Darul Ta'zim","https://i.ibb.co/67DmchVw/image.jpg","0"
"168","Ding DimSum","点心","459, Jalan Kenanga 29/13, Bandar Indahpura, 81000 Kulai, Johor Darul Ta'zim","https://encrypted-tbn0.gstatic.com/images?q=tbn:ANd9GcQ3ZMhkI7oNgOqP4gktCgI6So4fV8M1nVSJzQ&s","0"
"169","Kejia Cafe","Cafe","340, Bandar Indahpura, 81000 Kulai, Johor Darul Ta'zim","https://i.ibb.co/pBjhdHvZ/image.jpg","0"
"170","Lao Pa Sat Kopitiam","饭类 | 粉类","306, Jalan Kenanga 29/9, Bandar Indahpura, 81000 Kulai, Johor Darul Ta'zim","https://i.ibb.co/60jmNYCp/image.jpg","0"
"171","AkiNo Japanese Restaurant","日本餐","307, Jalan Kenanga 29/9, Bandar Indahpura, 81000 Kulai, Johor Darul Ta'zim","https://encrypted-tbn0.gstatic.com/images?q=tbn:ANd9GcRd5hdPyIqTnnkVLztIS51XjagnK_ZY3NVplA&s","0"
"172","June Coffee Grill & Spaghetti","西餐","303, Jalan Kenanga 29/9, Bandar Indahpura, 81000 Kulai, Johor Darul Ta'zim","https://i.ibb.co/23NZj3Fm/image.jpg","0"
"173","Thai Lala","泰国餐","352, Jalan Kenanga 29/9, Bandar Indahpura, 81000 Kulai, Johor Darul Ta'zim","https://encrypted-tbn0.gstatic.com/images?q=tbn:ANd9GcTVJa5Z4G6Wnw5u3zeCsIaDSdeG9PAhGD62AQ&s","0"
"174","Kedai Makanan Hakka Sawit","饭类 | 点心","S65, Jalan Kelapa Sawit 3, Kelapa Sawit, 81030 Kulai, Johor Darul Ta'zim","https://i.ibb.co/Rp3CfmTq/image.jpg","0"
"175","Richiamo Coffee","饮品 | Cafe","86, Jalan Kenanga 29/11, Bandar Indahpura, 81000 Kulai, Johor","https://i.ibb.co/nqbXmBKw/Richiamo-Coffee-Kelapa-Sawit-Kulai.jpg","0"
"176","Kelapa Sawit Uncle Liew","粉类","20, Jalan Tropika 1, Taman Tropika, 81000 Kulai, Johor Darul Ta'zim","https://i.ibb.co/YFf6HvkH/image.jpg","0"
"177","Kedai Makanan Sawit","粉类","7, Jalan Orkid 1, Taman Sin Sawit, 81000 Kulai, Johor Darul Ta'zim","https://i.ibb.co/S4fGvL9K/image.jpg","0"
"178","Rasa Hakka Restaurant","Cafe","8091 A&B, Jalan Kampung Baru, Kelapa Sawit, 81030 Kulai, Johor Darul Ta'zim","https://i.ibb.co/GDd7RgG/image.jpg","0"
"179","秀花菜粄","点心","343, Jalan Manis 15, Taman Manis, 81000 Kulai, Johor Darul Ta'zim","https://encrypted-tbn0.gstatic.com/images?q=tbn:ANd9GcSyTViexotKp7hggPTjUMstiy_v5HU4mY_4JA&s","0"
"180","Wuka Coffee","饮品","S-41, Jalan Kelapa Sawit 2, Kelapa Sawit, 81030 Kulai, Johor Darul Ta'zim","https://i.ibb.co/LXd8S3GW/Wuka-Coffee.jpg","0"
"181","Volcano Coffee House Lei-Cha","饭类","No 8091, kampung baru, kelapa sawit, 81030 Kulai, Johor Darul Ta'zim","https://i.ibb.co/5hHZcn39/image.jpg","0"
"182","Kwang Kee Restaurant","宴会酒楼 | 煮炒海鲜楼","14, Jalan Manis 2, Kelapa Sawit, 81000 Kulai, Johor Darul Ta'zim","https://encrypted-tbn0.gstatic.com/images?q=tbn:ANd9GcRz49jLBxBJ-qZt_qKWgOLOeLfs73IpZezlmQ&s","0"
"183","莲姨鼎边糊","粉类","S10, Jalan Kelapa Sawit 2, Kampung Sri Paya, 81000 Kulai, Johor Darul Ta'zim","https://i.ibb.co/1f0S1rK2/image.jpg","0"
"184","Ee Ee Loi Restaurant","咖啡店/美食阁","40, Jalan Kelapa Sawit 2, Kampung Sri Paya, 81030 Kulai, Johor Darul Ta'zim","https://i.ibb.co/Fb8FrPGX/image.jpg","0"
"185","Restoran Yin Ji","饭类","Johor, Kulai, Kelapa Sawit, Jalan Air Hitam, 81030，Kulai","https://i.ibb.co/5WRTzhtj/image.jpg","0"
"187","36 Breakthrough Restaurant","咖啡店/美食阁","S-36, Jalan Kelapa Sawit 2, Kampung Sri Paya, 81030 Kulai, Johor Darul Ta'zim","https://encrypted-tbn0.gstatic.com/images?q=tbn:ANd9GcTlTzKFVgjzgFu4tFVizPl-UZHf4Uj1A4LEyg&s","0"
"188","乡村咖啡馆","咖啡店/美食阁 | Cafe","S-71, Jalan Kelapa Sawit 3, Kampung Sri Paya, 81000 Kulai, Johor Darul Ta'zim","https://encrypted-tbn0.gstatic.com/images?q=tbn:ANd9GcQmc4we8pOSVc6Qg1b8D168iwneb2NgMPGe0w&s","0"
"189","ZUS Coffee","饮品","Multiple Locations in Kulai","https://i.ibb.co/h1hKWSvx/ZUS-Coffee.webp","0"
"190","Shun Fatt Restaurant","咖啡店/美食阁","S-43, Jalan Kelapa Sawit 2, Kampung Sri Paya, 81030 Kulai, Johor Darul Ta'zim","https://i.ibb.co/Jws0YDdW/image.jpg","0"
"191","Mixue","饮品","Multiple Locations in Kulai","https://cdn.prod.website-files.com/63ea45ebaef615f2a548607b/68d169b4d64da826ee795932_mixue.webp","0"
"192","Tien Tien Jian Coffee Shop","咖啡店/美食阁","A28A, Jalan Kelapa Sawit, Kelapa Sawit, 81000 Kulai, Johor Darul Ta'zim","https://i.ibb.co/VcX0W47P/image.jpg","0"
"193","Yuan Dong Coffee Shop","咖啡店/美食阁","S-32, Kelapa Sawit, 81000 Kulai, Johor Darul Ta'zim","https://i.ibb.co/5X50Xk9x/image.jpg","0"
"194","26°C Vegetarian Food","素食","82, Jalan Kelapa Sawit 3, Kampung Sri Paya, 81000 Kulai, Johor Darul Ta'zim","https://i.ibb.co/yG8wbwc/26-C.jpg","0"
"195","Fruit Ice Kacang","咖啡店/美食阁","4103, Jalan Kelapa Sawit 2, Kampung Sri Paya, 81000 Kulai, Johor Darul Ta'zim","https://i.ibb.co/FvJG5k7/image.jpg","0"
"196","Kedai Makanan dan Minuman Xing Wang","点心","s30, Jalan Kelapa Sawit 2, Kelapa Sawit, 81030 Kulai, Johor Darul Ta'zim","https://i.ibb.co/3m6hNhqm/image.jpg","0"
"197","Sawit Fried Chicken","西餐","12, Lorong Susur Kelapa Sawit, Kelapa Sawit, 81000 Kulai, Johor Darul Ta'zim","https://encrypted-tbn0.gstatic.com/images?q=tbn:ANd9GcTT1sg8eDOX76bHG6tF6L7OcY7u2QNfRfsbxQ&s","0"
"198","New Sawit 126 Food Court","咖啡店/美食阁","91, Jln Impiana 3, 81000, Johor Darul Ta'zim","https://i.ibb.co/rK5m19SC/126.jpg","0"
"199","Ah Hua Coffee Shop","咖啡店/美食阁","S-34, Jalan Kelapa Sawit 2, Kampung Sri Paya, 81000 Kulai, Johor Darul Ta'zim","https://i.ibb.co/84SD6V8L/image.webp","0"
"200","Mc Cola","饭类","15, Jalan Pinang, Taman Kota Kulai, 81000 Kulai, Johor Darul Ta'zim","https://i.ibb.co/CKw1CzmB/image.jpg","0"
"201","Eataste Restaurant","煮炒海鲜楼","23 1, Jalan Desa Baiduri, Taman Desa Baiduri, 81000 Kulai, Johor Darul Ta'zim","https://encrypted-tbn0.gstatic.com/images?q=tbn:ANd9GcQk2-R9268qbNi_uqJLOCDolwk7K-31kacqvg&s","0"
"204","P-Loko Café","西餐 | Cafe","123, Jalan Kenanga 29/6, Bandar Indahpura, 81000 Kulai, Johor Darul Ta'zim","https://encrypted-tbn0.gstatic.com/images?q=tbn:ANd9GcTBjehjp6XBKi8t_5m3rQ7pcOSCFEpdiRnUIA&s","0"
"205","Auspicious Geese Restaurant","煮炒海鲜楼","1687, Jalan Sri Putri 4/1, Taman Putri Kulai, 81000 Kulai, Johor Darul Ta'zim","https://i.ibb.co/qMvLDHHF/1.jpg","0"
"206","3rd Junction Cafe • Tropika Kulai","Cafe","28, Jalan Tropika 1, Taman Tropika, 81000 Kulai, Johor Darul Ta'zim","https://i.ibb.co/zWDScfn2/3rd-Junction-Cafe.jpg","0"
"208","Rasa Sayang Kopitiam","Cafe","S58, Jalan Sultanah, Taman Kulai, 81000 Kulai, Johor Darul Ta'zim","https://i.ibb.co/TqbKQCVX/Rasa-Sayang-Kopitiam.jpg","0"
"211","Happy Land Cafeteria","饭类 | 蛋糕甜点","16, Jalan Pinang, Taman Kota Kulai, 81000 Kulai, Johor Darul Ta'zim","https://cdn.prod.website-files.com/64c4be5d67694090d91bc447/64d115403af2016f22eb5b25_batch_DSC04776.jpeg","0"
"212","Restoran Sayur-Sayuran Ji Yuan","素食","14, Taman Nam Tak, 81000 Kulai, Johor Darul Ta'zim","https://i.ibb.co/8nDJSx6K/image.jpg","0"
"216","Long Sheng Restaurant","杂菜饭","20, Jalan Susur Kulai 4, Taman Sri Kulai Baru, 81000 Kulai, Johor Darul Ta'zim","https://encrypted-tbn0.gstatic.com/images?q=tbn:ANd9GcT67NCNEZVtzTX1NUl0dv4Lm7gPvn3cq4InNg&s","0"
"217","Restoran Sayur-sayuran Tong Sin","素食","Jln Besar, Taman Kota Kulai, 81000 Kulai, Johor Darul Ta'zim","https://i.ibb.co/23jdWnGJ/image.jpg","0"
"218","Restoran Xin Xian Ren","煮炒海鲜楼","8 & 9, Jalan Tropika 1, Taman Tropika, 81000 Kulai, Johor Darul Ta'zim","https://encrypted-tbn0.gstatic.com/images?q=tbn:ANd9GcQfQSurIviSNAYoUP3veHkTjgASU6HQvCXiKg&s","0"
"219","Restoran Sayur-sayuran Fong Chuan","素食","56, Jalan Anggerik 3, Taman Kulai Utama, 81000 Kulai, Johor Darul Ta'zim","https://i.ibb.co/q37SChfx/image.jpg","0"
"220","Uncle Don's","Cafe | 西餐","229 & 229-A, Jalan Kenanga 29/2, Bandar Indahpura, 81000 Kulai, Johor Darul Ta'zim","https://encrypted-tbn0.gstatic.com/images?q=tbn:ANd9GcTECWC1gv7PYBM8QihUxdoPxv7rHLvid7NlIg&s","0"
"222","Asam Pedas Madu Tiga","煮炒海鲜楼","Jln Alor Bukit, 81000 Kulai, Johor Darul Ta'zim","https://i.ibb.co/V0wLLFWC/Asam-Pedas-Madu-Tiga.webp","0"
"223","Bamboo Land","煮炒海鲜楼","11, Jalan Ceria 1, Taman Kulai Permai, 81000 Kulai, Johor Darul Ta'zim","https://i.ibb.co/ds5cFN8N/image.webp","0"
"224","Anmour cafe","西餐 | Cafe","227, Jalan Kenanga 29/2, Bandar Indahpura, 81000 Kulai, Johor Darul Ta'zim","https://encrypted-tbn0.gstatic.com/images?q=tbn:ANd9GcT8RVGNLnoi5BEMdMrjjGbF77P6xrYMkBdaPw&s","0"
"225","Restaurant Evergreen","煮炒海鲜楼","L1-05 & L1-06, 291, Jalan Kiambang 10, Indahpura, 81000 Kulai, Johor","https://encrypted-tbn0.gstatic.com/images?q=tbn:ANd9GcSbdw87LqEUAoADHIfBGoVTYgASzg0m9NqWfg&s","0"
"226","Nache's Oven Nutri & Wellness Cafe","健康餐 | Cafe","238A, Jln Kenanga 29/8, Taman Indahpura, 81000 Kulai, Johor","https://encrypted-tbn0.gstatic.com/images?q=tbn:ANd9GcTRwWfVedlxfXAdGHIQy5iyly3Udz62n2vWzg&s","0"
"227","JLL Brotherhoods","Cafe | 西餐","320, Jln Lagenda 21, Taman Lagenda Putra, 81000 Kulai, Johor Darul Ta'zim","https://encrypted-tbn0.gstatic.com/images?q=tbn:ANd9GcRKKGBVVZSwFPYS8igmHze9kVLa4qJEZw1_Iw&s","0"
"228","Glanz Tropika Kulai","Cafe","58, Jalan Tropika 1, Taman Tropika, 81000 Kulai, Johor Darul Ta'zim","https://encrypted-tbn0.gstatic.com/images?q=tbn:ANd9GcQdwVj4K3fOwCN2L7tQX3Jz20rbSZ8t4FETIQ&s","0"
"229","Win Win 炸鸡扒","西餐","336, Jalan Saga 2, Taman Saga, 81000 Kulai, Johor Darul Ta'zim","https://encrypted-tbn0.gstatic.com/images?q=tbn:ANd9GcSm4Iv2RBY9JEdQpxOz1uVYR4mml5CYbhVJug&s","0"
"230","En Hui Vegetarian Food","素食","Johor, Kulai, Taman Sri Kulai Baru 2, Jalan Seruling 2,81000","https://encrypted-tbn0.gstatic.com/images?q=tbn:ANd9GcSKyouTEFFhyAA9a6_XePaXtbjF1rYtFO0pDQ&s","0"
"231","Restoran Fuchun","咖啡店/美食阁","32, Jalan Seruling 2, Taman Sri Kulai Baru, 81000 Kulai, Johor Darul Ta'zim","https://encrypted-tbn0.gstatic.com/images?q=tbn:ANd9GcR1M0F-VCBeSENyDyqrDQ4IjTeuyOU1ZHS05Q&s","0"
"232","21 Ku Gua Tang","饭类","60, Jalan Susur Kulai 5, Taman Nam Tak, 81000 Kulai, Johor Darul Ta'zim","https://encrypted-tbn0.gstatic.com/images?q=tbn:ANd9GcRQzwHijqPzHZAESYlXvLBngw8Sgk1d-iBVrw&s","0"
"233","Authentic Hainaneses","粉类","625, Jalan Berjasa 6, Taman Gunung Pulai, 81000 Kulai, Johor Darul Ta'zim","https://i.ibb.co/Tx0qSccn/image.jpg","0"
"234","Restoran De Diodon","咖啡店/美食阁 | 饭类","640, Jalan Gangsa 6, Taman Gunung Pulai, 81000 Kulai, Johor Darul Ta'zim","https://i.ibb.co/RGksz1k3/image.webp","0"
"235","Ai-CHA ","饮品","5239, Jalan Matahari, Bandar Indahpura, 81000 Kulai, Johor Darul Ta'zim","https://encrypted-tbn0.gstatic.com/images?q=tbn:ANd9GcQZTdcp1BLyeklbIej4Lm1noAx6hCMI9KQhQw&s","0"
"236","Chui Zhu Yuan Seafood","煮炒海鲜楼","5229, Jalan Matahari, Bandar Indahpura, 81000 Kulai, Johor Darul Ta'zim","https://encrypted-tbn0.gstatic.com/images?q=tbn:ANd9GcS_LJAZ__Ke5Q2P2KlOhldj92c0a8KBS4KJvw&s","0"
"237","Yi Pin Chuan Xiang","其他","220, Pusat komercial indah, Jln Kiambang 14, Bandar Indahpura, 81000 Kulai, Johor Darul Ta'zim","https://encrypted-tbn0.gstatic.com/images?q=tbn:ANd9GcRY8idlAWMpd-h4xxtx3Y7TCQU30U0zorh0EA&s","0"
"239","Garden Restaurant","饭类","1, Jln Kiambang 2, Pusat Komersial Indah, Bandar Indahpura, 81000 Kulai, Johor Darul Ta'zim","https://mms.img.susercontent.com/636052d1e87864ae14d2e4424623cc03","0"
"240","Kopi Tenggek","马来与印度风味","7, Jln Kiambang 2, Bandar Indahpura, 81000 Kulai, Johor Darul Ta'zim","https://i.ibb.co/GvGZngcx/Kopi-Tenggek.jpg","0"
"241","Tangkak Beef Kulai","粉类","Johor, Kulai, Indahpura, Jln Kiambang 2, 邮政编码: 81000","https://encrypted-tbn0.gstatic.com/images?q=tbn:ANd9GcRe_h7nRgS3kj74ZNW6UHZtUwUqUYgGzSSBFQ&s","0"
"242","Simple Recipe","Cafe","46, Jln Kiambang 3, Taman Indahpura, 81000 Kulai, Johor Darul Ta'zim","https://i.ibb.co/Cp0GhnrH/image.jpg","0"
"243","Xiang Yu Lou","其他","Pusat Komerrsial Indah, 36, Jln Kiambang 3, Indahpura, 81000 Kulai, Johor","https://i.ibb.co/q3VKB50x/image.webp","0"
"244","Champion Tea House","Cafe","Pusat Komersial Indah, 101, Jalan Kiambang 5, Bandar Indahpura, 81000 Kulai, Johor Darul Ta'zim","https://encrypted-tbn0.gstatic.com/images?q=tbn:ANd9GcS2vhdkWqxeDK7lz8g7Yk5UbfUSMV3uKLwpnA&s","0"
"245","Wallace","快餐","175, Jalan Kenanga 29/4, Bandar Indahpura, 81000 Kulai, Johor Darul Ta'zim","https://encrypted-tbn0.gstatic.com/images?q=tbn:ANd9GcQQdoxHoLWhuqGjFj3GbqkxS78t0bmIHjpDgg&s","0"
"246","I'm Star Mala Soup & Dumplings","其他","187, Jalan Kenanga 29/4, Bandar Indahpura, 81000 Kulai, Johor Darul Ta'zim","https://i.ibb.co/rRQmD6pV/image.jpg","0"
"247","Young Sanna Mee","火锅烧烤 | 健康餐","186 Jalan Kenanga 29/4, Bandar Indahpura Kulai, 81000 Johor Bahru, Johor Darul Ta'zim","https://i.ibb.co/gL1Y5S7p/Young-Sanna-Mee.jpg","0"
"248","Fatt Hei Len Kulai","煮炒海鲜楼","65 64, Jalan Kenanga 29/5, Bandar Indahpura, 81000 Kulai, Johor Darul Ta'zim","https://encrypted-tbn0.gstatic.com/images?q=tbn:ANd9GcRgHbhs7WpiFKf86z1TxSDTd-0OwHzbQpWRrQ&s","0"
"249","First Class Bar & Club","酒吧","68, Jln. Kenanga 29/11, Bandar Indahpura, 81000 Kulai, Johor Darul Ta'zim","https://i.ibb.co/qYJrs8dv/First-Class-Bar-Club-Kulai.jpg","0"
"250","Noodles Q","粉类","121, Jalan Kenanga 29/6, Taman Indahpura, 81000 Kulai, Johor Darul Ta'zim","https://i.ibb.co/FkRtGLHK/image.jpg","0"
"251","The East Court","煮炒海鲜楼","133, Jalan Kenanga 29/6, Bandar Indahpura, 81000 Kulai, Johor Darul Ta'zim","https://i.ibb.co/PZF2W3rf/image.jpg","0"
"252","All Heart Recipe","煮炒海鲜楼","62&63, Bandar Indahpura, 81000 johor, Johor Darul Ta'zim","https://i.ibb.co/gx5CVvr/image.jpg","0"
"253","Restoran Kopitiam Hong Ye","咖啡店/美食阁","Jalan Kenanga 29/9, Bandar Indahpura, 81000 Kulai, Johor Darul Ta'zim","https://encrypted-tbn0.gstatic.com/images?q=tbn:ANd9GcTqq4s0kSov4dLw-XxN0-1fhDz-MaSLxnAtCw&s","0"
"254","Shun Delicious Food Valley","Cafe","325, Jalan Kenanga 29/9, Bandar Indahpura, 81000 Kulai, Johor Darul Ta'zim","https://encrypted-tbn0.gstatic.com/images?q=tbn:ANd9GcQ2hD7nOvsu7Va-2V2wc2kczzZFzEfNOBRAOA&s","0"
"255","Best 3 Cafe","Cafe","330, Jalan Kenanga 29/9, Bandar Indahpura, 81000 Kulai, Johor Darul Ta'zim","https://encrypted-tbn0.gstatic.com/images?q=tbn:ANd9GcQrstE1Cbm6bnFqKScYQfdPD_O1dheR_C2bcA&s","0"
"256","Canton Street","咖啡店/美食阁","345, Jalan Kenanga 29/9, Bandar Indahpura, 81000 Kulai, Johor Darul Ta'zim","https://i.ibb.co/vxNqwnWr/image.jpg","0"
"257","GC Good Coffee","Cafe","242, Jln Kenanga 29/8, Indahpura, 81000 Kulai, Johor","https://i.ibb.co/nsmq4ydw/GC-Good-Coffee.jpg","0"
"258","JiuYi Kitchen@Indahpura","煮炒海鲜楼","163, Jalan Kenanga 29/4, Bandar Indahpura, 81000 Kulai, Johor Darul Ta'zim","https://encrypted-tbn0.gstatic.com/images?q=tbn:ANd9GcQCIr_Osn9HRAjL5FDQlT0TWE6XCVHvCdGrkA&s","0"
"259","Frenche Roast Cafe","Cafe | 西餐","185A, Jalan Kenanga 29/4, Bandar Indahpura, 81000 Kulai, Johor Darul Ta'zim","https://encrypted-tbn0.gstatic.com/images?q=tbn:ANd9GcT_85M8UPyZ5Mmcy6ZKuz6I7vfokr9mCPVlnA&s","0"
"261","Tea Garden","Cafe","Multiple Locations in Kulai & Senai","https://lirp.cdn-website.com/17f4972a/dms3rep/multi/opt/Tiktok+TG+Logo-1920w.png","0"
"262","BlackBall Original Taiwanese Tea & Dessert","蛋糕甜点","No 2, Jalan Kenanga 29/1, Taman Indahpura, 81000 Kulai, Johor Darul Ta'zim","https://encrypted-tbn0.gstatic.com/images?q=tbn:ANd9GcT8XutL8p5zV0z5CM8uzCRp0ZFdtqO6DP_NMA&s","0"
"263","Restoran Peking","煮炒海鲜楼","13, Jalan Kenanga 29/1, Taman Indahpura, 81000 Kulai, Johor Darul Ta'zim","https://i.ibb.co/hFSrYsLR/image.jpg","0"
"264","Sushi Mentai Kulai","日本餐","12, Jalan Kenanga 29/1, Bandar Indahpura, 81000 Kulai, Johor Darul Ta'zim","https://i0.wp.com/jbtop10.com/wp-content/uploads/2020/03/sushi-mentai-min.jpg?ssl=1","0"
"266","4Fingers Crispy Chicken","西餐 | 快餐","36, Jalan Kenanga 29/1, Bandar Indahpura, 81000 Kulai, Johor Darul Ta'zim","https://www.sunwaycarnival.com/static/shops/df55040a19a2d81ca536c140ada21b36/w768.png","0"
"267","Beutea","饮品","AEON Mall, Lot GK2 & GK2A, 81000 Kulai, Johor Darul Ta'zim","https://encrypted-tbn0.gstatic.com/images?q=tbn:ANd9GcS2KmmgU6PzMCORkuhAbrdihSg4BL1X7Kl6qw&s","0"
"268","JCO Donut & Coffee","蛋糕甜点","Ground Floor, Aeon Mall, Indahpura, 81000 Kulai, Johor","https://mir-s3-cdn-cf.behance.net/project_modules/fs/36fa2e90517039.5e192702511e0.jpg","0"
"269","D Laksa • Aeon Kulai","粉类","Aeon Kulaijaya, G-08, Indahpura, 81000 Kulai, Johor","https://encrypted-tbn0.gstatic.com/images?q=tbn:ANd9GcSx2o7T1bdDNnpdYLBRDssggLgK5XIXM5Rfbg&s","0"
"270","KOI Thé Johor","饮品","g37, Persiaran Indahpura Utama, Bandar Indahpura, 81000 Kulai, Johor Darul Ta'zim","https://www.midvalleysouthkey.com/img/tenant/logo-mobile08Jul2019180329.jpg","0"
"271","Subway","快餐 | 小吃","C12 Food Avenue, Aeon Mall, f30, Persiaran Indahpura Utama, Indahpura, 81000 Kulai, Johor","https://i.ibb.co/S4C745Ht/Subway.png","0"
"272","SDS Bakery & Cafe","蛋糕甜点 | 西餐","Lot G57, Groun Floor, Aeon Mall Kulai Jaya, Persiaran Indahpura Utama, Bandar Indahpura, 81000 Kulai, Johor Darul Ta'zim","https://play-lh.googleusercontent.com/4xyOY1fjr7zJl6D8nMw0eVB1sSDYhq0-FIiOaJ0Tr4ljJlhmYp1qVK019As5AXLS0JU","0"
"274","Oochid Bistro","Cafe","Persiaran Indahpura Utama, Bandar Indahpura, 81000 Kulai, Johor Darul Ta'zim","https://encrypted-tbn0.gstatic.com/images?q=tbn:ANd9GcSlh5FJKBoM-nQ8ur0Egeo1sJADkxrZ02A8Kw&s","0"
"275","Gigi Coffee","饮品","GK3, Aeon Mall Kulai, F49, Bandar Indahpura, 81000 Kulai, Johor Kulai, 81000 Johor Bahru, Johor Darul Ta'zim","https://www.midvalleysouthkey.com/img/tenant/Gigi-Coffee-Logo-Mobile28Aug2023082248.jpg","0"
"276","Hanshe","Cafe","Ground Floor G63-G65, Aeon Kulaijaya, Bandar Indahpura, 81000 Kulai, Johor Darul Ta'zim","https://encrypted-tbn0.gstatic.com/images?q=tbn:ANd9GcRftlnvYrAAeCIToXl5fZfqAitWC0QuTTEPdw&s","0"
"277","Choong Man Chicken","韩国餐","G66, Aeon mall, Kulaijaya Persiaran, Bandar Indahpura, 81000 Johor Bahru, Johor Darul Ta'zim","https://encrypted-tbn0.gstatic.com/images?q=tbn:ANd9GcTBXK4pQWo26HE4ky7OuBTWgVp9n9pBzqIv1Q&s","0"
"278","Yit Sheng Fish Head Curry","煮炒海鲜楼","Bandar Indahpura, 81000 Kulai, Johor Darul Ta'zim","https://i.ibb.co/3YdLRCSj/image.jpg","0"
"279","828 Restoran Wan Jiao","饭类","839, Jalan Teratai 36/17, Bandar Indahpura, 81000 Kulai, Johor Darul Ta'zim","https://i.ibb.co/pBFPmJRX/image.jpg","0"
"280","Aunty Ku","Cafe","845, Jalan Teratai 36/17, Taman Indahpura, 81000 Kulai, Johor Darul Ta'zim","https://encrypted-tbn0.gstatic.com/images?q=tbn:ANd9GcR8awHENYi3iFT3NLsH1MDnZyHArWbv23lGpQ&s","0"
"281","Restoran Ayam Penyet 3 Abdul","马来与印度风味","84, Jalan Kenanga 29/7, Bandar Indahpura, 81000 Kulai, Johor.","https://i.ibb.co/G4vx68pT/Restoran-Ayam-Penyet-3-Abdul.jpg","0"
"282","Modern Taste Restaurant","煮炒海鲜楼","278, Jalan Kenanga 29/9, Bandar Indahpura, 81000 Kulai, Johor Darul Ta'zim","https://encrypted-tbn0.gstatic.com/images?q=tbn:ANd9GcTMCppT3n4us7gHcOJ4bUCzr-xnKmIYTraOEw&s","0"
"284","Shihlin Taiwan Street Food","快餐","Lot G-71, Kulai Jaya, Aeon Mall, Persiaran Indahpura Utama, Bandar Indahpura, 81000 Kulai, Johor Darul Ta'zim","https://i.ibb.co/Gf5vxLk7/image.jpg","0"
"285","AhZhang Lobak","饭类","11, Jln Rimbun 1, Taman Indahpura, 81000 Kulai, Johor Darul Ta'zim","https://i.ibb.co/1YnPJRmW/image.jpg","0"
"287","Restaurant Hai Vai Tien","煮炒海鲜楼","127 Jalan Jambu Bol Indahpura, Taman Iris, 81000 Kulai, Johor Darul Ta'zim","https://encrypted-tbn0.gstatic.com/images?q=tbn:ANd9GcQfnVlwwq3mKEQS7S_XH-q9d3C3HKaUP5ODWw&s","0"
"288","Restoran Ming Xuan","饭类","143, Jln. Jambu Mawar, Taman Indahpura, 81000 Kulai, Johor Darul Ta'zim","https://i.ibb.co/DHS2xV33/image.jpg","0"
"289","Number Two Food Court","咖啡店/美食阁","15, Jalan SME 1, Bandar Indahpura, 81000 Kulai, Johor Darul Ta'zim","https://encrypted-tbn0.gstatic.com/images?q=tbn:ANd9GcTqLjuAY28LEL20ep5ll8WodSUnuEtqe-BAMA&s","0"
"290","Jollibee","快餐","88, Jln SME 3, Bandar Indahpura, 81000 Kulai, Johor Darul Ta'zim","https://encrypted-tbn0.gstatic.com/images?q=tbn:ANd9GcSNLqkZ3ExZBCuiLhQHInNUu31iwFonfxI-xQ&s","0"
"291","Souper Tang Restaurant","Cafe","Jalan Premium Outlets, Bandar Indahpura, 81000 Kulai, Johor Darul Ta'zim","https://i.ibb.co/chV2wcnz/image.jpg","0"
"292","Absolute Thai","泰国餐","Jalan Premium Outlets, Indahpura, 81000, Kulaijaya, Johor, 81000","https://www.rwgenting.com/content/dam/approved/rw-genting/web/things-to-do/shopping/shopping-directory/skyavenue/absolute-thai.jpg","0"
"293","Madam Kwan's","Cafe","Suite 204, Premium Outlets, Johor Premium Outlets, Jalan, Bandar Indahpura, 81000 Kulai, Johor Darul Ta'zim","https://i.ibb.co/SWvkgCs/Madam-Kwan-s.webp","0"
"294","Dôme","西餐 | Cafe","Suite No. 633, Johor Premium Outlets, 81000, Johor Darul Ta'zim","https://encrypted-tbn0.gstatic.com/images?q=tbn:ANd9GcTGYGm61OnTEVahYuEfeDszYFNwXKPlc_-MPg&s","0"
"295","Oldtown White Coffee • JPO","Cafe","Johor Premium Outlets, 81400 Senai, Johor","https://encrypted-tbn0.gstatic.com/images?q=tbn:ANd9GcTGijjBt15VpfcRuw7abE0TpaVP9L3-mlRBpg&s","0"
"296","DubuYo Mini","韩国餐 | Cafe","Lot 504, High Street Jalan Premium Outlets, Johor Premium Outlets, Stall 7 & 8 Food Court, Indahpura, 81000 Kulai, Johor Darul Ta'zim","https://encrypted-tbn0.gstatic.com/images?q=tbn:ANd9GcRygsabvojFh1cKZ2OKLOdwQlTi3uQDvm1smw&s","0"
"297","Godiva Cafe","蛋糕甜点","Johor Premium Outlets, Suite 238 01, Indahpura, 81000 Johor Bahru, Johor","https://encrypted-tbn0.gstatic.com/images?q=tbn:ANd9GcQctsyyh6wOnEtzUH5vO7MQ6uqzj5BYAn6ZtQ&s","0"
"298","Bask Bear Coffee","饮品","Stall 1, Gucci - Johor Premium Outlet, Jalan Premium Outlets, Bandar Indahpura, 81000 Kulai, Johor Darul Ta'zim","https://i.ibb.co/3ykJ7Q8J/image.jpg","0"
"299","Asam Pedas By D Laksa","粉类","Stall No. 12, Premium Outlets, Johor Premium Outlets, Jalan, Indahpura, 81000 Kulai, Johor Darul Ta'zim","https://encrypted-tbn0.gstatic.com/images?q=tbn:ANd9GcTBXn-yLiIDQJQ6_pSBF-AM-xR_kJ5B1NdQyg&s","0"
"300","D Laksa • JPO","粉类","Stall No. 11, Premium Outlets, Johor Premium Outlets, Jalan, Indahpura, 81000 Kulai, Johor Darul Ta'zim","https://encrypted-tbn0.gstatic.com/images?q=tbn:ANd9GcQFi5K6kLqYvrXOxonJ1p9bZFe80f2hCRKb7Q&s","0"
"307","Swee Kee Hainanese Chicken Rice","饭类","98, Jalan Bintang, Taman Bintang, 81400 Senai, Johor","https://i.ibb.co/RGB199xv/image.jpg","0"
"308","Pizza Hut","西餐 | 快餐","Multiple Locations in Kulai","https://i.ibb.co/7NZ3HFWn/Pizza-Hut.webp","0"
"309","Marrybrown","西餐 | 快餐","Multiple Locations in Kulai","https://i.ibb.co/4n8s3Lct/Marrybrown.png","0"
"310","Domino's Pizza","西餐 | 快餐","Multiple Locations in Kulai","https://i.ibb.co/0jdLHCnm/Domino-s-Pizza.jpg","0"
"311","Late Night Bridge Cooking (Kota Kulai No Signboard Prawn Noodles)","其他","Taman Kota Kulai, 81000 Kulai, Johor","https://i.ibb.co/KxW3LMnj/image.jpg","0"
"312","Kota Kulai Tong Sui Stall","咖啡店/美食阁 | 蛋糕甜点 | 粉类 | 饭类","Taman Kota Kulai, 81000 Kulai, Johor","https://i.ibb.co/x4bn4np/image.jpg","0"
"313","Chuchat","饮品","Pusat Komersial Indah, 157, Jalan Kiambang 13, Bandar Indahpura, 81000 Kulai, Johor Darul Ta'zim","https://i.ibb.co/Mx4T3N4g/Chuchat.jpg","0"
"314","Kulai WengYaoJi","煮炒海鲜楼","C48, Jalan Air Bemban 5, Ayer Bemban, 81020 Kulai, Johor Darul Ta'zim","https://i.ibb.co/1fm9Yf7V/image.jpg","0"
"315","Restoran Yue Lai Yue Xiang","咖啡店/美食阁","106, Jalan Harmoni 1, Taman Harmoni, 81000 Kulai, Johor Darul Ta'zim","https://i.ibb.co/p6BjvsQJ/image.jpg","0"
"316","Yun Lai (Desa Baiduri)","咖啡店/美食阁","28, 29 Jalan Desa Baiduri 1, 81000 Kulai, Johor Darul Ta'zim","https://i.ibb.co/N2xkJPRY/Desa-Baiduri.jpg","0"
"317","Restoran Fuk He 178","咖啡店/美食阁","No.3, Taman Desa Baiduri, Jalan Desa Baiduri 1, 81000 Kulai, Johor Darul Ta'zim","https://i.ibb.co/CpxmxVsT/178.jpg","0"
"318","Restoran Pelita Mas","马来与印度风味","Kulai, Johor","https://i.ibb.co/kgz9xHf1/Restoran-Pelita-Mas.webp","0"
"319","Sky Garden Bakuteh","饭类","5, Jalan Tropika 1, Taman Tropika, 81000 Kulai, Johor Darul Ta'zim","https://i.ibb.co/yBp1BN2b/image.jpg","0"
"320","118 Kopitiam","咖啡店/美食阁","1337, Jln Lagenda 47, Taman Lagenda Putra, 81000 Kulai, Johor Darul Ta'zim","https://i.ibb.co/MxXDhtrc/118-Kopitiam.jpg","0"
"321","Pasang Kopitiam","咖啡店/美食阁","1336, Jln Lagenda 47, Taman Lagenda Putra, 81000 Kulai, Johor Darul Ta'zim","https://i.ibb.co/FkVx6xqk/image.jpg","0"
"322","Jibril Corner","马来与印度风味","Jalan Lagenda 48, Taman Lagenda Putra, 81000 Kulai, Johor Darul Ta'zim","https://i.ibb.co/mCZ2rpBC/Jibril-Corner.jpg","0"
"323","Meisan Restaurant","煮炒海鲜楼","Jln Alor Bukit Johor,Taman Lagenda Putra Kulai","https://i.ibb.co/5XxBSzdc/image.jpg","0"
"324","BD Nasri Tomyam","马来与印度风味","1408, Jln Lagenda 51, Taman Lagenda Putra, 81000 Kulai, Johor Darul Ta'zim","https://i.ibb.co/8LJDB5Mj/BD-NASRI-TOMYAM.jpg","0"
"325","Azlan Seafood","马来与印度风味","Jln Alor Bukit, 81000 Kulai, Johor Darul Ta'zim","https://i.ibb.co/fY5X0cd0/Azlan-Seafood.jpg","0"
"326","桃源饭店","煮炒海鲜楼","Jln Alor Bukit, 81000 Kulai, Johor Darul Ta'zim","https://i.ibb.co/5XLLRXSB/image.jpg","0"
"327","Kedai Makan Kak Sal (Selera Kelantan)","马来与印度风味","477, Jalan Gemilang 6, Bandar Indahpura, 81000 Kulai, Johor Darul Ta'zim","https://i.ibb.co/zHSwGY89/Kedai-Makan-Kak-Sal-Selera-Kelantan.jpg","0"
"328","Restoran Gear Box","马来与印度风味","453, Jalan Gemilang 6, Taman Gunung Pulai, 81000 Kulai, Johor Darul Ta'zim","https://i.ibb.co/G3NPq4Hm/Restoran-Gear-Box.jpg","0"
"329","财记点心","点心","59, Jalan Anggerik 3, Taman Kulai Utama, 81000 Kulai, Johor Darul Ta'zim","https://i.ibb.co/PZGrX99m/image.jpg","0"
"330","Charcoal Bean Cafe","Cafe","39, Lorong Ismail 2, Taman Kulai, 81000 Kulai, Johor Darul Ta'zim","https://i.ibb.co/FLVXkdJX/image.jpg","0"
"331","Restoran Asam Pedas Aeshah","马来与印度风味","PTB 1824, Jalan Lengkongan, Kampung Baru Kulai, 81000 Kulai, Johor Darul Ta'zim","https://i.ibb.co/TM4RZzbw/Restoran-Asam-Pedas-Aeshah.jpg","0"
"332","Ina Tom Yam Sea Food","马来与印度风味","46, Jalan Susur Kulai 4, Taman Sri Kulai Baru, 81000 Kulai, Johor Darul Ta'zim","https://i.ibb.co/N6mhNzV3/Ina-Tom-Yam-Sea-Food.jpg","0"
"333","Kedai Kek Lian Pang","蛋糕甜点","No.6, Jalan Susur Kulai 4, Taman Sri Kulai Baru, 81000 Kulai, Johor Darul Ta'zim","https://i.ibb.co/gL8Ly1z1/image.jpg","0"
"334","Restoran Kedai Makan Tian Heng","咖啡店/美食阁","Jln Selamat, Taman Mas, 81000 Kulai, Johor Darul Ta'zim","https://i.ibb.co/PGF8YFJ8/image.jpg","0"
"335","Secret Recipe","Cafe | 蛋糕甜点","31, Jalan Seri Putra 1, Bandar Putra Kulai, 81000 Kulai, Johor Darul Ta'zim","https://i.ibb.co/b5Pd1wkN/Secret-Recipe.png","0"
"336","Baker's Cottage","蛋糕甜点","No. 29, Jalan Seri Putra 1, Bandar Putra Kulai, 81000 Kulai, Johor Darul Ta'zim","https://i.ibb.co/zWzYS6NC/Baker-s-Cottage.jpg","0"
"337","Madras to Malaya Cafe","马来与印度风味","12, Jalan Seri Putra 1, Bandar Putra Kulai, 81000 Kulai, Johor Darul Ta'zim","https://i.ibb.co/twtMw1XB/Madras-to-Malaya-Cafe.jpg","0"
"338","GUOMA STEAMBOAT","火锅烧烤","10&11, Jalan Seri Putra 1, Bandar Putra Kulai, 81000 Kulai, Johor Darul Ta'zim","https://i.ibb.co/6RfBxyFf/image.jpg","0"
"339","He Kado Kopi","Cafe","36, Jalan Seri Putra 1, Bandar Putra Kulai, 81000 Kulai, Johor Darul Ta'zim","https://i.ibb.co/whrvHQVM/image.jpg","0"
"340","Lol Soon Kee Desserts","饮品 | 蛋糕甜点","37, Jalan Seri Putra 1, Bandar Putra Kulai, 81000 Kulai, Johor Darul Ta'zim","https://i.ibb.co/35jQJxHy/image.png","0"
"341","Tomyam Meletop","马来与印度风味","Jalan Merbau 3, Bandar Putra Kulai, 81000, Johor Darul Ta'zim","https://i.ibb.co/HL72rp0q/Tomyam-Meletop.jpg","0"
"342","Restoran Juara Seafood","马来与印度风味","2931, 2920, Jalan Merbau 3, Bandar Putra Kulai, 81000 Kulai, Johor","https://i.ibb.co/YBt0MH6g/Restoran-Juara-Seafood.jpg","0"
"343","Sanabil Al-Arabi","马来与印度风味","3045, Jalan Merbau 3, Bandar Putra Kulai, 81000 Kulai, Johor Darul Ta'zim","https://i.ibb.co/9HSpcR22/Sanabil-Al-Arabi.jpg","0"
"344","Selera Rasa Hasnah","马来与印度风味","3049, Jalan Merbau 1, Bandar Putra Kulai, 81000 Kulai, Johor Darul Ta'zim","https://i.ibb.co/cctJpLQh/Selera-Rasa-Hasnah.jpg","0"
"345","Tom Yam Ramai-ramai Cawangan","马来与印度风味","3055-A, Jalan Merbau 3, Bandar Putra Kulai, 81000 Kulai, Johor Darul Ta'zim","https://i.ibb.co/Mk7rxNSt/Tom-Yam-Ramai-ramai-Cawangan.jpg","0"
"346","Nasi Ayam Mak Pah","马来与印度风味","4957, Jalan Merbau 1, Bandar Putra Kulai, 81000 Kulai, Johor Darul Ta'zim","https://i.ibb.co/cKfMvdMS/Nasi-Ayam-Mak-Pah.jpg","0"
"347","Seri Pantai Seafood","马来与印度风味","地址待补充 (Address TBD), Kulai, Johor","https://i.ibb.co/k6wTcY2j/Seri-Pantai-Seafood.jpg","0"
"348","Mama Thai Tomyam","马来与印度风味","4973, Jalan Merbau 11, Bandar Putra Kulai, 81000 Kulai, Johor Darul Ta'zim","https://i.ibb.co/XxGFRjcK/Mama-Thai-Tomyam.jpg","0"
"349","Sofiyah Cafe","马来与印度风味","4978, Jalan Merbau 11, Bandar Putra Kulai, 81000 Kulai, Johor Darul Ta'zim","https://i.ibb.co/nsH8hNVW/Sofiyah-Cafe.jpg","0"
"350","Restaurant Aziz Bilal","马来与印度风味","Jalan Putra 1, Bandar Putra Kulai, 81000 Kulai, Johor Darul Ta'zim","https://i.ibb.co/mC0jcqTk/Restaurant-Aziz-Bilal.jpg","0"
"352","Kim Long Restaurant Sdn Bhd","煮炒海鲜楼","130, Jalan Senai Utama 5/17, Taman Senai Utama, 81400 Senai, Johor Darul Ta'zim","https://i.ibb.co/W4cBMbwR/image.jpg","0"
"353","Restoran D'Ambang","马来与印度风味","1769, Jalan Senai Utama 1/2, Taman Senai Utama, 81400 Senai, Johor Darul Ta'zim","https://i.ibb.co/bgpbFjBB/Restoran-D-Ambang.jpg","0"
"354","Restoran Sang Sang Sang","饭类","1763, Jalan Senai Utama 1/2, Taman Senai Utama, 81400 Senai, Johor Darul Ta'zim","https://i.ibb.co/c4H465L/image.jpg","0"
"355","Restoran Senai HN","咖啡店/美食阁","1099, 6, Jalan Senai Utama 2, Taman Senai Utama, 81400 Senai, Johor Darul Ta'zim","https://i.ibb.co/ZzfvKTLZ/image.jpg","0"
"356","Restoran Singgah Maju","马来与印度风味","1256 & 1258 & 1259, Jalan Senai Utama 1/1, Taman Senai Utama, 81400 Senai, Johor Darul Ta'zim","https://i.ibb.co/pBpXGd7H/Restoran-Singgah-Maju.jpg","0"
"357","Restoran Nasi Ayam Hainan","马来与印度风味 | 饭类","1251, Jalan Senai Utama 2, Taman Senai Utama, 81400 Senai, Johor Darul Ta'zim","https://i.ibb.co/DPpZX75Q/Restoran-Nasi-Ayam-Hainan.jpg","0"
"358","Restoran Senyi Sinron","咖啡店/美食阁","1208, Jalan Senai Utama 2/7, Taman Senai Utama, 81400 Senai, Johor Darul Ta'zim","https://i.ibb.co/PGrkghPx/image.jpg","0"
"359","Restoran Sin Peng","粉类","3, Jalan Selesa 1, Taman Selesa, 81400 Senai, Johor Darul Ta'zim","https://i.ibb.co/5hDVTLBd/image.jpg","0"
"360","The Tiny Lake","Cafe","Jalan Senai 10, Kampung Baru Senai, 81400 Senai, Johor Darul Ta'zim","https://i.ibb.co/HTgYk6LR/image.jpg","0"
"361","Kedai Makanan & Minuman Soon Kee","饭类","28 & 29, Jalan Impian Senai Utama, Taman Impian Senai, 81400 Senai, Johor Darul Ta'zim","https://i.ibb.co/hrvGYGh/image.jpg","0"
"362","Restoran Bunga Dahlia","马来与印度风味","49, Jalan Impian Senai Utama, Taman Impian Senai, 81400 Senai, Johor Darul Ta'zim","https://i.ibb.co/FbZWgTqr/Restoran-Bunga-Dahlia-Taman-Impian-Senai.jpg","0"
"363","ABMH Restaurant","马来与印度风味","26 & 27, Jalan Impian Senai Utama, Taman Impian Senai, 81400 Senai, Johor Darul Ta'zim","https://i.ibb.co/xSmX4wD9/ABMH-Restaurant.jpg","0"
"364","The Sunrise Cafe","Cafe","20~21, Jalan Impian Senai Utama, Taman Impian Senai, 81400 Senai, Johor Darul Ta'zim","https://i.ibb.co/23czP2WX/image.jpg","0"
"365","Projek Kebab Cafe","马来与印度风味","14, Jalan Impian Senai Utama, Taman Impian Senai, 81400 Senai, Johor Darul Ta'zim","https://i.ibb.co/5hgPCGLg/Projek-KEBAB-Cafe.jpg","0"
"366","Kim M Long Restaurant","煮炒海鲜楼","12, Jalan Impian Senai Utama, Taman Impian Senai, 81400 Senai, Johor Darul Ta'zim","https://i.ibb.co/mrGz11Gc/KCC.jpg","0"
"367","Hao Yun Restaurant","煮炒海鲜楼","10, Jalan Impian Senai Utama, Taman Impian Senai, 81400 Senai, Johor Darul Ta'zim","https://i.ibb.co/HfvrHd8T/image.jpg","0"
"368","家家肉骨茶","饭类","4, Jalan Impian Senai Utama, Taman Impian Senai, 81400 Senai, Johor Darul Ta'zim","https://i.ibb.co/67VR1Qd8/image.jpg","0"
"369","Kafe Dulang Ayan","马来与印度风味","99, Jalan Impian Senai 1, Taman Impian Senai, 81400 Senai, Johor Darul Ta'zim","https://i.ibb.co/NgKxhX59/Kafe-Dulang-Ayan.jpg","0"
"371","Empire Sushi","日本餐","Multiple Locations in Kulai & Senai","https://i.ibb.co/d449tFzk/Empire-Sushi.jpg","0"
"372","Tulang Jr Cafe","马来与印度风味","108, Jalan Impian Senai 2, Taman Impian Senai, 81400 Senai, Johor Darul Ta'zim","https://i.ibb.co/qF7bnfgg/Tulang-JR-Cafe.jpg","0"
"373","Chicken Chop Senai (Kg Jaya Sepakat)","马来与印度风味 | 西餐","Taman Jaya Sepakat, 81400 Senai, Johor","https://i.ibb.co/zgCLmvz/Chicken-Chop-Senai-Kg-Jaya-Sepakat.jpg","0"
"374","Nasi Kukus Scientex Utama","马来与印度风味","527, Jln Persiaran Scientex Utama 1, Taman Scientex Utama, 81400 Senai, Johor Darul Ta'zim","https://i.ibb.co/WN75JxLN/Nasi-Kukus-Scientex-Utama.jpg","0"
"375","Restoran Nusantara Tok Rin","马来与印度风味","503, Jln Persiaran Scientex Utama 1, Taman Scientex Utama, 81400 Senai, Johor Darul Ta'zim","https://i.ibb.co/v6nwhTdY/Restoran-Nusantara-Tok-Rin.jpg","0"
"376","Hungry Habibi","马来与印度风味","496, Jln Persiaran Scientex Utama 1, Taman Scientex Utama, 81400 Senai, Johor Darul Ta'zim","https://i.ibb.co/rf77p41y/Hungry-Habibi.webp","0"
"377","Kelem Ice Cream Gula Apong","蛋糕甜点","493, Jln Persiaran Scientex Utama 1, Taman Scientex Utama, 81400 Senai, Johor Darul Ta'zim","https://i.ibb.co/gLLGLRQ7/Kelem-Ice-Cream-Gula-Apong.jpg","0"
"378","Happy Tomyam Kitchen Restaurant","马来与印度风味","480, Jln Persiaran Scientex Utama 1, TAMAN SCIENTEX UTAMA, 81400 Senai, Johor Darul Ta'zim","https://i.ibb.co/3YyhbMy1/Happy-Tomyam-Kitchen-Restaurant.jpg","0"
"379","Nasi Kandar Mamu","马来与印度风味","472 & 473, Jln Persiaran Scientex Utama 1, Taman Teknologi Johor, 81400 Johor Bahru, Johor Darul Ta'zim","https://i.ibb.co/Pv29BQbH/Nasi-Kandar-Mamu.jpg","0"
"380","DeliC Cafe","Cafe | 马来与印度风味","456, Jln Persiaran Scientex Utama 1, Tmn, Jln Scientex Utama, 81400 Senai, Johor Darul Ta'zim","https://i.ibb.co/W4kN4QZP/Deli-C-Cafe.jpg","0"
"381","Naseeb Capati Nan Senai","马来与印度风味","446, Jln Persiaran Scientex Utama 1, Taman Teknologi Johor, 81400 Senai, Johor Darul Ta'zim","https://i.ibb.co/CpnfLzd2/Naseeb-Capati-Nan-Senai.jpg","0"
"382","Nasi Royale JB","马来与印度风味","NO. 577, Jalan jaya sepakat, Kampung Jaya Sepakat, 81400 Senai, Johor Darul Ta'zim","https://i.ibb.co/xqj69mf8/Nasi-Royale-JB.jpg","0"
"383","Warung Mee Bandung Pak Abu","马来与印度风味","30, Jalan Berkat 2, Kampung Jaya Sepakat, 81400 Senai, Johor Darul Ta'zim","https://i.ibb.co/7xRgfqnT/Warung-Mee-Bandung-Pak-Abu.jpg","0"
"384","Bakso Beranak Kulai","马来与印度风味","Jln Utama 1 Taman Bintang Utama 1 kulai Kulai, 81400 Senai, Johor Darul Ta'zim","https://i.ibb.co/BxppwPJ/Bakso-Beranak-Kulai.jpg","0"
"385","Quah Ji Restaurant","饭类","279 Jalan Utama 2 Taman Bintang utama 81400 senai johor Senai, 81400 Kulai, Johor Darul Ta'zim","https://i.ibb.co/C3pS9GcH/image.jpg","0"
"386","Uncle Vege Restaurant","饭类","280, Jalan Utama 2, Taman Bintang Utama, 81400 Senai, Johor Darul Ta'zim","https://i.ibb.co/sJCwszMZ/image.jpg","0"
"387","Restoran Makanan Hakka","煮炒海鲜楼","294, Jalan Utama 2, Taman Bintang Utama, 81400 Senai, Johor Darul Ta'zim","https://i.ibb.co/mFNGd251/image.jpg","0"
"388","Mastura Tomyam Seafood","马来与印度风味","300, Jalan Utama 2, Taman Bintang Utama, 81400 Senai, Johor Darul Ta'zim","https://i.ibb.co/BHWk9ss7/Mastura-Tomyam-Seafood.jpg","0"
"389","Restoran Zhuang Yuan","饭类","295, Jalan Utama 2, Taman Bintang Utama, 81400 Senai, Johor Darul Ta'zim","https://i.ibb.co/JWxJzs1d/image.jpg","0"
"392","Masal Vadai Restaurant","马来与印度风味","108, Jln Bintang, Taman Bintang, 81400 Senai, Johor Darul Ta'zim","https://i.ibb.co/Gv3knTLS/Masal-Vadai-Restaurant.jpg","0"
"393","Restoran Farook 23Jam","马来与印度风味","11, Jalan Pakis, Taman Handal, 81400 Senai, Johor Darul Ta'zim","https://i.ibb.co/HTSKPZBB/Restoran-Farook-23-Jam.jpg","0"
"394","Restaurant Awe Kelantan","马来与印度风味","Taman Senai Baru, 81400 Senai, Johor","https://i.ibb.co/RGRpjPDj/Restaurant-Awe-Kelantan.jpg","0"
"395","Lakkias Curry House","马来与印度风味","41 & 42, 41 42, Jalan Cyber 16, Kawasan Perindustrian Senai Fasa 3, 81400 Senai, Johor","https://i.ibb.co/rKtvZg9c/Llakkias-Curry-House.jpg","0"
"396","Asam Pedas JB","马来与印度风味","Kawasan Perindustrian Senai Fasa 3, 81400 Senai, Johor","https://i.ibb.co/D2qYxj3/Asam-Pedas-Jb.jpg","0"
"397","Chamek","马来与印度风味","30, Jalan Terminal 5, 81400 Senai, Johor","https://i.ibb.co/DfM6vHF9/Chamek-Kopitiam.jpg","0"
"398","Omak Den Restaurant","马来与印度风味","Jalan Jumbo, 81250 Senai, Johor Darul Ta'zim","https://i.ibb.co/TD3hdzgy/Omak-Den-Restaurant.jpg","0"
"399","Starbucks","Cafe | 饮品","Multiple Locations in Kulai","https://i.ibb.co/MDJc81TL/Starbucks.jpg","0"
"401","Restoran Kim Shan","饭类 | 煮炒海鲜楼","13-16, Jalan Susur Kulai 1, Taman Sri Kulai Baru, 81000 Kulai, Johor","https://i.ibb.co/M56df0VM/image.jpg","0"
"402","Restoran Xiao Zhou","咖啡店/美食阁","857, Jalan Teratai 36/17, Taman Indahpura, 81000 Kulai, Johor Darul Ta'zim","https://i.ibb.co/C38dYL34/image.jpg","0"
"403","Mutiara Garden Restaurant","马来与印度风味","865, Jalan Teratai 36/17, Bandar Indahpura, 81000 Kulai, Johor Darul Ta'zim","https://i.ibb.co/KjWMzVwj/Mutiara-Garden-Restaurant.jpg","0"
"404","Restoran Hasny","马来与印度风味","Jalan Teratai 36/17, Bandar Indahpura, 81000 Kulai, Johor Darul Ta'zim","https://i.ibb.co/jvQB36dK/Restoran-Hasny.jpg","0"
"405","The Brew Orchestra","Cafe | 饮品","Ground Floor, 1045, Jalan Muhibah 1, Taman Perindustrian Muhibah, 81400 Senai, Johor","https://i.ibb.co/7dp6sGfZ/The-Brew-Orchestra.jpg","0"
"406","Sushi Plus","日本餐","244, Jalan Kenanga 29/8, Bandar Indahpura, 81000 Kulai, Johor","https://i.ibb.co/rGkZf6W3/Sushi-Plus.png","0"
"407","GoGiYo Korean BBQ House","韩国餐","7509, Jln Enggang 19, Bandar Putra Kulai, 81000 Kulai, Johor Darul Ta'zim","https://i.ibb.co/vvR4DV2D/Go-Gi-Yo-Korean-BBQ-House.jpg","0"
"408","Glanz Bistro House","Cafe","7502, Jln Enggang 19, Bandar Putra Kulai, 81000, Johor Darul Ta'zim","https://i.ibb.co/r2Md3Ctz/Glanz-Bistro-House.jpg","0"
"409","Yu Min Two Restaurant","煮炒海鲜楼","7513, Jln Enggang 19, Bandar Putra Kulai, 81000, Johor Darul Ta'zim","https://i.ibb.co/Hf5T7c0x/image.jpg","0"
"410","Gangnam BBQ","韩国餐","7516, Jln Enggang 19, Bandar Putra Kulai, 81000 Kulai, Johor Darul Ta'zim","https://i.ibb.co/SXZFtVJL/Gangnam-BBQ.jpg","0"
"411","Restoran Unik","饭类","7519, Jln Enggang 19, Bandar Putra Kulai, 81000 Kulai, Johor Darul Ta'zim","https://i.ibb.co/JRht83Vv/image.jpg","0"
"412","Qi Le Restaurant","煮炒海鲜楼","7521, Jln Enggang 19, Bandar Putra Kulai, 81000 Kulai, Johor Darul Ta'zim","https://i.ibb.co/hJFW8f1T/image.jpg","0"
"413","Alaf Maju Restaurant","马来与印度风味","19, Jalan Enggang, Bandar Putra Kulai, 81000 Kulai, Johor","https://i.ibb.co/0pfDbBQD/Alaf-Maju-Restaurant.jpg","0"
"414","ZM bulgogi mix BBQ","韩国餐","7535, Jln Enggang 19, Bandar Putra Kulai, 81000 Kulai, Johor Darul Ta'zim","https://i.ibb.co/Gf8vMkvc/ZM-bulgogi-mix-BBQ.jpg","0"
"415","The Upper Floor Cafe","Cafe","7A, Jln Selamat, Taman Mas, 81000 Kulai, Johor Darul Ta'zim","https://i.ibb.co/Wv2JLGWQ/The-Upper-Floor-Cafe.jpg","0"
"417","Restoran Haw Siang","点心","70-73, Jalan Susur Kulai 5, Taman Nam Tak, 81000 Kulai, Johor","https://i.ibb.co/20vmLQYV/image.jpg","0"
"418","Trio Guys Ramen","日本餐 | 粉类","Pusat Komersial Indah, 264, Jalan Kiambang 10, Bandar Indahpura, 81000 Kulai, Johor Darul Ta'zim","https://i.ibb.co/9mP0ZJKC/image.jpg","0"
"419","Waichi Yakiniku","日本餐","G-03A, Ground Floor, 291, Jalan Kiambang 10, Pusat Komersial Indah Indahpura, 81000 Kulai, Johor Darul Ta'zim","https://i.ibb.co/bj7nfQ8L/Waichi-Yakiniku.jpg","0"
"420","Restoran Zhong Sheng","粉类","516, Jalan Kenanga 29/15, Bandar Indahpura, 81000 Kulai, Johor Darul Ta'zim","https://i.ibb.co/Ldh20GMp/image.jpg","0"
"421","Restoran 126","咖啡店/美食阁","230, Jln Kenanga 29/8, Indahpura, 81000 Kulai, Johor","https://i.ibb.co/d0wMh8wT/126.jpg","0"
"422","Galaxy Dragon Food and Beverage","咖啡店/美食阁","434, Jalan Kenanga 29/10, Bandar Indahpura, 81000 Kulai, Johor Darul Ta'zim","https://i.ibb.co/FqsQCcXB/image.jpg","0"
"423","Restoran Xin Cheng Dim Sum","点心","Jalan Kenanga 29/12, Bandar Indahpura, 81000 Kulai, Johor","https://i.ibb.co/MygMt9nR/image.jpg","0"
"424","Restoran Ah Hwa","咖啡店/美食阁","Bandar Putra, 81000 Kulai, Johor","https://i.ibb.co/TB5bD1vL/image.png","0"
"425","Dian Xin Yuan","咖啡店/美食阁 | 点心","575 & 576, Jalan Kenanga 29/10, Bandar Indahpura, 81000 Kulai, Johor Darul Ta'zim","https://i.ibb.co/7NRyQ8wX/image.jpg","0"
"426","Restoran 126","咖啡店/美食阁","Jalan Kenanga 29/10, Bandar Indahpura, 81000 Kulai, Johor Darul Ta'zim","https://i.ibb.co/R4pg9TX3/IMG-20260127-132643.jpg","0"
"427","Kopitiam Kaki Lima","咖啡店/美食阁","595, Jalan Kenanga 29/19, Bandar Indahpura, 81000 Kulai, Johor Darul Ta'zim","https://i.ibb.co/SXFh6bLh/IMG-20260127-131854.jpg","0"
"428","L&L Cafe House","Cafe","597, Jalan Kenanga 29/19, Bandar Indahpura, 81000 Kulai, Johor Darul Ta'zim","https://i.ibb.co/3yWfBMQ4/L-L-Cafe-House.jpg","0"
"429","Ben Shan Xian Restaurant","中国餐","604A, Jalan Kenanga 29/19, Bandar Indahpura, 81000 Kulai, Johor Darul Ta'zim","https://i.ibb.co/S4PFz9NB/image.jpg","0"
"430","Moments Bistro & Cafe","酒吧","603, Jalan Kenanga 29/19, Bandar Indahpura, 81000 Kulai, Johor Darul Ta'zim","https://i.ibb.co/C3kgRFcP/Moments-Bistro-Cafe.jpg","0"
"431","Haixin Seafood Noodles & Pot","面类 | 饭类","地址待补充 (Address TBD), Kulai, Johor","https://i.ibb.co/k259Y6y6/image.jpg","0"
"432","Lingo Bakery","蛋糕甜点","Jalan Kenanga 29/9, Bandar Indahpura, 81000 Kulai, Johor Darul Ta'zim","https://i.ibb.co/DHgkfKKb/Lingo-Bakery.jpg","0"
"434","Restoran Bak Kut Teh Gu Fang","饭类","76, Jln. Kenanga 29/11, Bandar Indahpura, 81000 Kulai, Johor Darul Ta'zim","https://i.ibb.co/XxZmft0S/image.jpg","0"
"435","Nasi Gulai Isteri","饭类 | 马来餐","4915, Jalan Merbau 12, Bandar Putra Kulai, 81000 Kulai, Johor Darul Ta'zim","https://i.ibb.co/MyPwcM7g/Nasi-Gulai-Isteri-Kulai.jpg","0"
"436","Good Friend Pastry","蛋糕甜点","312, Jalan Kenanga 29/9, Bandar Indahpura, 81000 Kulai, Johor Darul Ta'zim","https://i.ibb.co/7JjQ0YCn/Good-Friend-Pastry.jpg","0"
"437","Restoran Da Cheng Lok Lok","火锅烧烤","253, Jln Kenanga 29/8, Indahpura, 81000 Kulai, Johor","https://i.ibb.co/B5kMd9TP/image.jpg","0"
"438","Restoran Indah Tomyam","泰国餐 | 马来餐","117, Jln Kiambang 14, Bandar Indahpura, 81000 Kulai, Johor Darul Ta'zim","https://i.ibb.co/QFXGZWbk/Restoran-Indah-Tomyam.jpg","0"
"439","Jane Deer Dessert","蛋糕甜点","153, Jalan Kiambang 13, Bandar Indahpura, 81000 Kulai, Johor Darul Ta'zim","https://i.ibb.co/99T4mhcM/image.jpg","0"
"440","Restoran Tai Chiang","咖啡店/美食阁","7, Jalan Jelawat, Taman Sri Saleng, 81400 Kulai, Johor Darul Ta'zim","https://i.ibb.co/8H770jh/image.jpg","0"
"441","Cawan Mas Coffee","Cafe","Lot 153 TJ Mart, Taman Pancasila, 81400 Kulai Johor","https://i.ibb.co/6RPqjYcY/Cawan-Mas-Coffee.jpg","0"
"442","TJ Food Court","咖啡店/美食阁","12, Jalan Kampung Tang Ho, Taman Pancasila, 81400 Kulai, Johor Darul Ta'zim","https://i.ibb.co/KjfBG5kg/TJ-Food-Court.jpg","0"
"443","Krabby Planet Steamboat & Grill","马来与印度风味 | 火锅烧烤","Tjmart Lot CN, Lot 5035, Jalan Air Hitam, Taman Pancasila, 81400 Senai, Johor","https://i.ibb.co/93SBd9t6/Krabby-Planet-Steamboat-Grill.jpg","0"
"444","Restoran Hao Wang Jiao","咖啡店/美食阁","46A &, 47A, Jalan Cermai 7, Taman Mesra, 81400 Senai, Johor Darul Ta'zim","https://i.ibb.co/BFJvQ2h/image.jpg","0"
"445","Kedai Kopi Rao","咖啡店/美食阁","48, Jalan Cermai 3, Taman Mesra, 81400 Kulai, Johor Darul Ta'zim","https://i.ibb.co/qMSh0NSJ/image.jpg","0"
"446","Restoran Heng Heng Chicken Rice","饭类","40, Jalan Cermai 7, Taman Mesra, 81400 Kulai, Johor Darul Ta'zim","https://i.ibb.co/tTzjX0mW/image.jpg","0"
"447","Restoran ABMH Satu","马来与印度风味","Jalan Cermai 7, Taman Mesra, 81400 Senai, Johor Darul Ta'zim","https://i.ibb.co/F44w6c3z/Restoran-ABMH-Satu.jpg","0"
"448","Kiow Jie Restaurant","粉类","19, Jalan Cermai 2, Saleng, 81400 Kulai, Johor Darul Ta'zim","https://i.ibb.co/Xf8tFRN5/image.jpg","0"
"449","Restoran Rumah Putih","咖啡店/美食阁","30, Jalan Cermai 2, Taman Mesra, 81400 Senai, Johor Darul Ta'zim","https://i.ibb.co/JWs4FLWD/image.jpg","0"
"450","Restoran Tang Food Centre","咖啡店/美食阁","1, Jalan Sutra 1, Taman Sutera Utama81400 Kulai, Johor Darul Ta'zim","https://i.ibb.co/mLkbmZs/image.jpg","0"
"451","Warong Crew Taman Muhibbah","马来与印度风味","No.1136, Jalan jambu batu 6, Taman muhibbah, Saleng, 81400 Senai, Johor","https://i.ibb.co/r2rFWRkz/Warong-Crew-Taman-Muhibbah.jpg","0"
"452","兰姐擂茶馆","饭类 | 健康餐","112, Jalan Harmoni 1","https://i.ibb.co/xSNdhkm5/image.jpg","0"
"453","Swiss Promise Bakery","蛋糕甜点","102, Jalan Harmoni 1, Taman Harmoni, 81000 Kulai, Johor Darul Ta'zim","https://i.ibb.co/S4fJjBFb/Swiss-Promise-Bakery.jpg","0"
"454","Kedai Kopi Wei Mei","咖啡店/美食阁","Jalan Serunai, Taman Sri Kulai Baru 2, 81000 Kulai, Johor Darul Ta'zim","https://i.ibb.co/CpfX07cZ/image.jpg","0"
"455","古来21哩50年老字号炒果条","粉类","Jalan Bunga Raya 4, Taman Kulai Utama, 81000 Kulai, Johor Darul Ta'zim","https://i.ibb.co/Dq7Zvnb/21.jpg","0"
"456","Kedai Kopi Thiong Huat","咖啡店/美食阁","1, Jalan Seruling 1, Taman Sri Kulai Baru 2, 81000 Kulai, Johor Darul Ta'zim","https://i.ibb.co/3JHWq76/image.jpg","0"
"457","Restoran Sin Tong Hai","咖啡店/美食阁","46, Jalan Susur Kulai 4, Taman Sri Kulai Baru, 81000 Kulai, Johor Darul Ta'zim","https://i.ibb.co/jvJFz3CT/image.jpg","0"
"458","Restoran Sin Beng Beng","咖啡店/美食阁","Jalan Susur Kulai 4, Taman Sri Kulai Baru 2, 81000 Kulai, Johor Darul Ta'zim","https://i.ibb.co/RrXFfQB/image.jpg","0"
"459","川源咖啡店","咖啡店/美食阁","38, Jalan Anggerik 2, Taman Kulai Utama, 81000 Kulai, Johor Darul Ta'zim","https://i.ibb.co/p6K1KKjc/image.jpg","0"
"460","Heng Park Junction Foodcourt","咖啡店/美食阁","Jalan Kiambang 12, 81000 Kulai, Johor Darul Ta'zim","https://i.ibb.co/C5KLjZFz/image.jpg","0"
"461","Restoran Bach Viet Vietnamese Cuise","Cafe","Indahpura, Kulai, Johor","https://i.ibb.co/4g4yywn3/Restoran-Bach-Viet-Vietnamese-Cuise.jpg","0"
"462","Shuang Hock Noodle","粉类","235, Jalan Kiambang 15, Bandar Indahpura, 81000 Kulai, Johor Darul Ta'zim","https://i.ibb.co/Z1z5Ssmw/image.jpg","0"
"463","Good Morning","Cafe","237, Pusat Komersial Indah, Jalan Kiambang 15, Bandar Indahpura, 81000 Kulai, Johor Darul Ta'zim","https://i.ibb.co/39dN6sb4/image.jpg","0"
"464","Restoran Mustika Zam Zam","马来与印度风味","6066, Jalan Siantan 1, Bandar Indahpura, 81000 Kulai, Johor Darul Ta'zim","https://i.ibb.co/2065V9dm/Restoran-Mustika-Zam-Zam.jpg","0"
"465","De Selera Pantai Timur","马来与印度风味","5837 & 5838, Jalan Siantan 3, Bandar Indahpura, 81000 Kulai, Johor Darul Ta'zim","https://i.ibb.co/1YmKBzjF/De-Selera-Pantai-Timur.jpg","0"
"466","Kulai Cafe","马来与印度风味","Indahpura, Kulai","https://i.ibb.co/gZGv5ZX5/Kulai-Cafe.jpg","0"
"467","Restoran Puteri","马来与印度风味","5801, Jalan Siantan 11, Bandar Indahpura, 81000 Kulai, Johor Darul Ta'zim","https://i.ibb.co/hJD4qg7Q/Restoran-Puteri.jpg","0"
"468","Restoran Yi Lu Fa 168","咖啡店/美食阁","6043, Jalan Siantan 1, Bandar Indahpura, 81000 Kulai, Johor Darul Ta'zim","https://i.ibb.co/MKFZKM3/168.jpg","0"
"469","Xiang Yuan Kopitiam","咖啡店/美食阁","6042, Jalan Siantan 1, Bandar Indahpura, 81000 Kulai, Johor Darul Ta'zim","https://i.ibb.co/GfDgrT4d/image.jpg","0"
"470","Koway Trading","咖啡店/美食阁","6039, Jalan Siantan 1, Bandar Indahpura, 81000 Kulai, Johor Darul Ta'zim","https://i.ibb.co/SqLycr3/image.jpg","0"
"471","Lao Di Fang","咖啡店/美食阁","6038, Jalan Siantan 1, Bandar Indahpura, 81000 Kulai, Johor Darul Ta'zim","https://i.ibb.co/WTVBK76/image.jpg","0"
"472","Restoran Fantasy","咖啡店/美食阁 | 煮炒海鲜楼","6030, Jalan Siantan 1, Bandar Indahpura, 81000 Kulai, Johor Darul Ta'zim","https://i.ibb.co/Ng9QPJWv/image.jpg","0"
"473","Xuan Food Corner","咖啡店/美食阁","Taman Khet Loong, 81000 Kulai, Johor","https://i.ibb.co/WCj74Ls/image.jpg","0"
"474","Restoran Sin Keong Kee","饭类 | 咖啡店/美食阁","220, Jalan Kenanga 29/2, Bandar Indahpura, 81000 Kulai, Johor","https://i.ibb.co/LMpQtjq/image.jpg","0"
"475","Lapan Kati","Cafe","27, Lorong Ismail, Taman Kulai, 81000 Kulai, Johor","","0"
"13","Restaurant Yon Lai","点心 | 咖啡店/美食阁","37, Jalan Anggerik 2, Taman Kulai Utama, 81000 Kulai, Johor Darul Ta'zim","https://i.ibb.co/YBWmK1wH/21.jpg","0"
"15","Chop Pun Heong Dim Sum","点心","398, Jalan Kenanga 29/10, Bandar Indahpura, 81000 Kulai, Johor Darul Ta'zim","https://i.ibb.co/99TTCtzz/image.jpg","0"
"20","Restoran Xiang Mann","煮炒海鲜楼","1, Jln Bunga Mawar 1, Taman Sri Kulai Baru, 81000 Kulai, Johor Darul Ta'zim","https://i.ibb.co/Kj93NkPz/image.jpg","0"
"21","Ho Ma Homemade Wanton Mee","粉类","58, Jalan Bunga Santalia, Taman Sri Kulai Baru, 81000 Kulai, Johor Darul Ta'zim","https://i.ibb.co/C3m8gGkp/image.jpg","0"
"23","Best Flavor Food Restaurant","饭类","42, Jalan Susur Kulai 4, Taman Sri Kulai Baru, 81000 Kulai, Johor Darul Ta'zim","https://i.ibb.co/p6RcFwcF/image.jpg","0"
"25","Kwong Guan Lai Restaurant","饭类","23, Jalan Susur Kulai 4, Taman Sri Kulai Baru, 81000 Kulai, Johor Darul Ta'zim","https://i.ibb.co/G3Jg7YbV/image.jpg","0"
"26","Restoran Lu Tian","饭类 | 粉类 | 煮炒海鲜楼","Taman Nam Tak, 81000 Kulai, Johor","https://i.ibb.co/ksJ1Cw1M/image.jpg","0"
"28","Meei Shih Seafood Restaurant","饭类 | 粉类","69, Jalan Anggerik 3, Taman Kulai Utama, 81000 Kulai, Johor Darul Ta'zim","https://i.ibb.co/7JqMSXYT/image.jpg","0"
"32","Yoon Lai","咖啡店/美食阁","646, Jalan Gangsa 6, Taman Timur, 81000 Kulai, Johor Darul Ta'zim","https://i.ibb.co/mFJmH4KG/Screen-Hunter-78-Jan-26-18-33.jpg","0"
"37","Origin Cafe","Cafe","41, Lorong Ismail, Taman Kulai, 81000 Kulai, Johor Darul Ta'zim","https://i.ibb.co/Jw6Cpvkv/Origin-Cafe.jpg","0"
"476","新勥记烧腊","饭类","140, Jalan Susur Kulai 2, Taman Kulai Besar, 81000 Kulai, Johor Darul Ta'zim","","0"
"477","Lapan Kati Seafood Restaurant","煮炒海鲜楼 | 马来与印度风味","161, Jalan Kenanga 29/4, Bandar Indahpura, 81000 Kulai, Johor Darul Ta'zim","https://i.ibb.co/bgMHnDP1/Lapan-Kati-8.jpg","0"
"478","古来旧巴杀","饭类 | 面类","古来旧巴杀（具体门牌待补充）, Kulai, Johor","https://i.ibb.co/qF4bsmBT/IMG-20260311-073551.jpg","0"